phase,original_relative_path,repository_path,filename,extension,file_type,size_bytes,sha256
root,.gitignore,.gitignore,.gitignore,,document,147,bd1281e1cdf5ad9dc7c8f3a7b2ca86e62e19966a7587ba3e1314431d949c4cd8
root,ARCHIVE_POLICY.md,ARCHIVE_POLICY.md,ARCHIVE_POLICY.md,.md,document,1280,71ac71748b0c3f806762c6a953ba1bc77f07564d3c1af94a5b07f5f37914a30e
root,CHANGELOG.md,CHANGELOG.md,CHANGELOG.md,.md,document,1476,3517d92ae995bb805ecab34994804de84188925f16b05b9278c4992060df8c60
root,HANDOFF_MASTER.md,HANDOFF_MASTER.md,HANDOFF_MASTER.md,.md,document,9383,c42770302981a5fdff9e9152151317276b5cc5af68b1b31a5afc6ec2f5f2f1db
root,START_HERE.md,START_HERE.md,START_HERE.md,.md,document,4680,8764c782a52a1a93187b1848d7480d7398eb47891f34d8fa5db0096702b9ec4b
root,CURRENT_RESEARCH_VISION.md,CURRENT_RESEARCH_VISION.md,CURRENT_RESEARCH_VISION.md,.md,document,14326,e05896fb1677eb3444052ac786c8d967f9301a82695c3aeaabb330c19939a263
root,DATA_PROVENANCE.md,DATA_PROVENANCE.md,DATA_PROVENANCE.md,.md,document,6935,0df15575f032639eba2019b6c1a63240be2d1aac98f0d983fb3860c55bafc756
root,LIVE_PHASE7_STATUS.md,LIVE_PHASE7_STATUS.md,LIVE_PHASE7_STATUS.md,.md,document,4349,955d645848ac7e3a4c4d9cd5ec432a5c6831903f67e935451aa55ada5d752c7a
root,PROJECT_MASTER_INDEX.md,PROJECT_MASTER_INDEX.md,PROJECT_MASTER_INDEX.md,.md,document,9495,a6ce47c954ea444b3a106356930b08fcc56cde301fb0d8dd66a403f288789934
root,README.md,README.md,README.md,.md,document,90499,589b0fc544cb932d399528ab4538f0fa3a4fe97db8751c142a7a434c5ee3af2c
root,REPRODUCIBILITY.md,REPRODUCIBILITY.md,REPRODUCIBILITY.md,.md,document,1497,f42ac103cad16965a48ae4399b9cc9d8b64e2fe966b4dca21b1cd64f9e193b88
root,RESEARCH_HISTORY.md,RESEARCH_HISTORY.md,RESEARCH_HISTORY.md,.md,document,10209,bd9c38f28fa08cace4306b5021dbe29af06b24ceae62a9eea158888529768e1a
root,RESEARCH_STATUS.md,RESEARCH_STATUS.md,RESEARCH_STATUS.md,.md,document,4582,4009e2da8d9a7b3a0adfa2ad0bd75a541f40f312fa3ff9f46c6c6fa90423708c
archive,archive/original_structure/.gitkeep,archive/original_structure/.gitkeep,.gitkeep,,document,0,e3b0c44298fc1c149afbf4c8996fb92427ae41e4649b934ca495991b7852b855
archive,archive/original_structure/README.md,archive/original_structure/README.md,README.md,.md,document,206,eff75e1da8cd8018460ace5e69c351f036b5567f339cd34c4aeaf98f2be91222
archive,archive/large_files/.gitkeep,archive/large_files/.gitkeep,.gitkeep,,document,0,e3b0c44298fc1c149afbf4c8996fb92427ae41e4649b934ca495991b7852b855
archive,archive/large_files/README.md,archive/large_files/README.md,README.md,.md,document,350,26a389cfa1d70917f8205dd87a26dedd227bc71b194b6d67968eec5cb3d52a41
phase4,phase4/README.md,phase4/README.md,README.md,.md,document,4299,08afd15bbae3578a7cc54c42a84dbe180ce9c3adabe2a199c8b51090242e9c7f
phase4,phase4/archive/original_structure/P4F2_built_trajectories_products.png,phase4/archive/original_structure/P4F2_built_trajectories_products.png,P4F2_built_trajectories_products.png,.png,figure,113890,7c907505174b61483170662cb8c172fc885d96a0719726b70deccee79d7ffc35
phase4,phase4/archive/original_structure/phase4_audit.md,phase4/archive/original_structure/phase4_audit.md,phase4_audit.md,.md,document,11266,a3e805b08aa55960c3a5c6ce69c329974c8ea9bb7158b6b604e7cbafbc6d645d
phase4,phase4/archive/original_structure/phase4_core.zip,phase4/archive/original_structure/phase4_core.zip,phase4_core.zip,.zip,archive,1833275,33a50181d35fc1f12e2ce587067e06eb02f3a37dad61ea9bf778660889d7f1ff
phase4,phase4/archive/original_structure/phase4_final_report.md,phase4/archive/original_structure/phase4_final_report.md,phase4_final_report.md,.md,document,4609,9a60cd6b76f4b5c96aeb9d41b09906fd881a796c7692e3945f3f3e7cbe10d618
phase4,phase4/archive/original_structure/phase4_gold_KEY_evaluator_only.zip,phase4/archive/original_structure/phase4_gold_KEY_evaluator_only.zip,phase4_gold_KEY_evaluator_only.zip,.zip,archive,42498,6cf25ba0766b4d29ad2081c1943fc4e5afabc2da5bf849513d7c3e0b84b8e5ff
phase4,phase4/archive/original_structure/phase4_gold_kit_INTERPRETER_A.zip,phase4/archive/original_structure/phase4_gold_kit_INTERPRETER_A.zip,phase4_gold_kit_INTERPRETER_A.zip,.zip,archive,51313,65308c0394b32b402a0df7a213851502718b7f86554e620c351a29bf85819281
phase4,phase4/archive/original_structure/phase4_gold_kit_INTERPRETER_B.zip,phase4/archive/original_structure/phase4_gold_kit_INTERPRETER_B.zip,phase4_gold_kit_INTERPRETER_B.zip,.zip,archive,41237,ac09a76890e6acef4d3f737888fe318b60b6b79492f3c06e99ddc35d87de2a65
phase4,phase4/archive/original_structure/phase4_readiness_gate.md,phase4/archive/original_structure/phase4_readiness_gate.md,phase4_readiness_gate.md,.md,document,2657,eaff4f472d4e0f1862a2a5de515ba26529c73c34efcb9bb2d5b59e4560da9f74
phase4,phase4/figures/P4F2_built_trajectories_products.png,phase4/figures/P4F2_built_trajectories_products.png,P4F2_built_trajectories_products.png,.png,figure,113890,7c907505174b61483170662cb8c172fc885d96a0719726b70deccee79d7ffc35
phase4,phase4/data/phase4_core.zip,phase4/data/phase4_core.zip,phase4_core.zip,.zip,archive,1833275,33a50181d35fc1f12e2ce587067e06eb02f3a37dad61ea9bf778660889d7f1ff
phase4,phase4/data/phase4_gold_KEY_evaluator_only.zip,phase4/data/phase4_gold_KEY_evaluator_only.zip,phase4_gold_KEY_evaluator_only.zip,.zip,archive,42498,6cf25ba0766b4d29ad2081c1943fc4e5afabc2da5bf849513d7c3e0b84b8e5ff
phase4,phase4/data/phase4_gold_kit_INTERPRETER_A.zip,phase4/data/phase4_gold_kit_INTERPRETER_A.zip,phase4_gold_kit_INTERPRETER_A.zip,.zip,archive,51313,65308c0394b32b402a0df7a213851502718b7f86554e620c351a29bf85819281
phase4,phase4/data/phase4_gold_kit_INTERPRETER_B.zip,phase4/data/phase4_gold_kit_INTERPRETER_B.zip,phase4_gold_kit_INTERPRETER_B.zip,.zip,archive,41237,ac09a76890e6acef4d3f737888fe318b60b6b79492f3c06e99ddc35d87de2a65
phase4,phase4/protocols/phase4_audit.md,phase4/protocols/phase4_audit.md,phase4_audit.md,.md,document,11266,a3e805b08aa55960c3a5c6ce69c329974c8ea9bb7158b6b604e7cbafbc6d645d
phase4,phase4/protocols/phase4_readiness_gate.md,phase4/protocols/phase4_readiness_gate.md,phase4_readiness_gate.md,.md,document,2657,eaff4f472d4e0f1862a2a5de515ba26529c73c34efcb9bb2d5b59e4560da9f74
phase4,phase4/reports/phase4_audit.md,phase4/reports/phase4_audit.md,phase4_audit.md,.md,document,11266,a3e805b08aa55960c3a5c6ce69c329974c8ea9bb7158b6b604e7cbafbc6d645d
phase4,phase4/reports/phase4_final_report.md,phase4/reports/phase4_final_report.md,phase4_final_report.md,.md,document,4609,9a60cd6b76f4b5c96aeb9d41b09906fd881a796c7692e3945f3f3e7cbe10d618
phase4,phase4/reports/phase4_readiness_gate.md,phase4/reports/phase4_readiness_gate.md,phase4_readiness_gate.md,.md,document,2657,eaff4f472d4e0f1862a2a5de515ba26529c73c34efcb9bb2d5b59e4560da9f74
phase3,phase3/README.md,phase3/README.md,README.md,.md,document,4538,fe2fe4f106a47cf82b985c75e697199f917b20dd9ccd799c9746b3fb056ca330
phase3,phase3/archive/original_structure/F01_validation_ladder_2021.png,phase3/archive/original_structure/F01_validation_ladder_2021.png,F01_validation_ladder_2021.png,.png,figure,61126,74cc090b232ec0c551248aa629f65cc6f0ec8d8ab25dde4ee59fe84c32216980
phase3,phase3/archive/original_structure/F15_gate_dashboard.png,phase3/archive/original_structure/F15_gate_dashboard.png,F15_gate_dashboard.png,.png,figure,99313,ee943405d144f72b3086e1f90f60344746adf9ff899b48dcef17272f680ab1f2
phase3,phase3/archive/original_structure/phase3_core.zip,phase3/archive/original_structure/phase3_core.zip,phase3_core.zip,.zip,archive,8759682,5db800cfe33668eb3641fd8e5709e85c1111985f8283b9d89f990dd3d5270b44
phase3,phase3/archive/original_structure/phase3_results_1.md,phase3/archive/original_structure/phase3_results_1.md,phase3_results_1.md,.md,document,16354,7b451ffb9f353539dd42a1bc955928581449bb391d0091b7b02f0ce592deb5cd
phase3,phase3/figures/F01_validation_ladder_2021.png,phase3/figures/F01_validation_ladder_2021.png,F01_validation_ladder_2021.png,.png,figure,61126,74cc090b232ec0c551248aa629f65cc6f0ec8d8ab25dde4ee59fe84c32216980
phase3,phase3/figures/F15_gate_dashboard.png,phase3/figures/F15_gate_dashboard.png,F15_gate_dashboard.png,.png,figure,99313,ee943405d144f72b3086e1f90f60344746adf9ff899b48dcef17272f680ab1f2
phase3,phase3/data/phase3_core.zip,phase3/data/phase3_core.zip,phase3_core.zip,.zip,archive,8759682,5db800cfe33668eb3641fd8e5709e85c1111985f8283b9d89f990dd3d5270b44
phase3,phase3/reports/phase3_results_1.md,phase3/reports/phase3_results_1.md,phase3_results_1.md,.md,document,16354,7b451ffb9f353539dd42a1bc955928581449bb391d0091b7b02f0ce592deb5cd
phase2,phase2/README.md,phase2/README.md,README.md,.md,document,4657,94112d844313df26817d685f8398a85af4b7fac70963c6abb10e5fef5b4d8159
phase2,phase2/screenshots/Screenshot 2026-10-03 at 10.22.29 AM.png,phase2/screenshots/Screenshot 2026-10-03 at 10.22.29 AM.png,Screenshot 2026-10-03 at 10.22.29 AM.png,.png,figure,128733,3d70b064ca52e6e03aaa8db4afa7290441f48ae4f848b58adb3a04f69ae97332
phase2,phase2/archive/original_structure/Screenshot 2026-10-03 at 10.22.29 AM.png,phase2/archive/original_structure/Screenshot 2026-10-03 at 10.22.29 AM.png,Screenshot 2026-10-03 at 10.22.29 AM.png,.png,figure,128733,3d70b064ca52e6e03aaa8db4afa7290441f48ae4f848b58adb3a04f69ae97332
phase2,phase2/archive/original_structure/fig_drought_confusion.png,phase2/archive/original_structure/fig_drought_confusion.png,fig_drought_confusion.png,.png,figure,154119,ce81edfc1c80804ebc58d76b11baf95fb630a5a81140ffa9cc93fc0faa9fe9cd
phase2,phase2/archive/original_structure/fig_lulc_epochs_3.png,phase2/archive/original_structure/fig_lulc_epochs_3.png,fig_lulc_epochs_3.png,.png,figure,846923,2dc0f66c94cf77cfdedf3999be8128ad8b8f527efcee551421fac0ebb28c4d8b
phase2,phase2/archive/original_structure/phase1_audit.md,phase2/archive/original_structure/phase1_audit.md,phase1_audit.md,.md,document,15806,78a9026d6a4445b9a00ed909798f0aa0d790631ce2ad6b58bc07109b4dd67180
phase2,phase2/archive/original_structure/phase2_core.zip,phase2/archive/original_structure/phase2_core.zip,phase2_core.zip,.zip,archive,10223168,3eaeadd591a9e69202f3b493ec4f93da8f4a85d8d005937155b959c7f00b0c61
phase2,phase2/archive/original_structure/phase2_gold_chips_baramati_agri.zip,phase2/archive/original_structure/phase2_gold_chips_baramati_agri.zip,phase2_gold_chips_baramati_agri.zip,.zip,archive,17855688,56eb40f4090342a820d4ea6606cfb069aff8af1dabd9c18c4367ceb4e52da838
phase2,phase2/archive/original_structure/phase2_gold_chips_khadakwasla_mutha_part1.zip,phase2/archive/original_structure/phase2_gold_chips_khadakwasla_mutha_part1.zip,phase2_gold_chips_khadakwasla_mutha_part1.zip,.zip,archive,23947567,05bba270eea66d9f797b99fec95058ce0cbf25b0e5f568b717e5b54eaba0bffd
phase2,phase2/archive/original_structure/phase2_gold_chips_khadakwasla_mutha_part2.zip,phase2/archive/original_structure/phase2_gold_chips_khadakwasla_mutha_part2.zip,phase2_gold_chips_khadakwasla_mutha_part2.zip,.zip,archive,1066157,8bc8008da8b10f535d192d57572f20aa7b7ab1c722d7d403725de7c72a620d3a
phase2,phase2/archive/original_structure/phase2_gold_chips_mulshi_ghats_2.zip,phase2/archive/original_structure/phase2_gold_chips_mulshi_ghats_2.zip,phase2_gold_chips_mulshi_ghats_2.zip,.zip,archive,23749821,654ec699f9168c2b64aad2a71f57052cb55aa1cd06423df124917e49373b85d6
phase2,phase2/archive/original_structure/phase2_labels.zip,phase2/archive/original_structure/phase2_labels.zip,phase2_labels.zip,.zip,archive,2076466,44301813ab1c8006d38e55aa19f0746acc36de356b869117e1f969ff736e0fb9
phase2,phase2/archive/original_structure/phase2_maps_baramati_agri.zip,phase2/archive/original_structure/phase2_maps_baramati_agri.zip,phase2_maps_baramati_agri.zip,.zip,archive,5065362,5740a1e9be1354fd18a5ed11cb211aa6e252e525bfb54652c8616d0fcddfef54
phase2,phase2/archive/original_structure/phase2_maps_khadakwasla_mutha.zip,phase2/archive/original_structure/phase2_maps_khadakwasla_mutha.zip,phase2_maps_khadakwasla_mutha.zip,.zip,archive,9848738,3064bd6884f9e8a3f53f80494facbb935b44e739ad32ddf6967fb8070253b7e7
phase2,phase2/archive/original_structure/phase2_maps_mulshi_ghats.zip,phase2/archive/original_structure/phase2_maps_mulshi_ghats.zip,phase2_maps_mulshi_ghats.zip,.zip,archive,8742064,ef8ca1d058d2eae559424abb9073db2523070b5e91788ef3865ad945f67fb928
phase2,phase2/archive/original_structure/phase2_results.md,phase2/archive/original_structure/phase2_results.md,phase2_results.md,.md,document,41128,cb3c1275bcc4567fc928926469756b6c35170db48e3b5f5b29df068e6df568c9
phase2,phase2/archive/original_structure/pune-eo-phd_figures copy.zip,phase2/archive/original_structure/pune-eo-phd_figures copy.zip,pune-eo-phd_figures copy.zip,.zip,archive,14006275,a138d94501119446a9a765ad0c1f10e8d72199011cf3c0187dd018bf6a632220
phase2,phase2/figures/fig_drought_confusion.png,phase2/figures/fig_drought_confusion.png,fig_drought_confusion.png,.png,figure,154119,ce81edfc1c80804ebc58d76b11baf95fb630a5a81140ffa9cc93fc0faa9fe9cd
phase2,phase2/figures/fig_lulc_epochs_3.png,phase2/figures/fig_lulc_epochs_3.png,fig_lulc_epochs_3.png,.png,figure,846923,2dc0f66c94cf77cfdedf3999be8128ad8b8f527efcee551421fac0ebb28c4d8b
phase2,phase2/data/phase2_core.zip,phase2/data/phase2_core.zip,phase2_core.zip,.zip,archive,10223168,3eaeadd591a9e69202f3b493ec4f93da8f4a85d8d005937155b959c7f00b0c61
phase2,phase2/data/phase2_gold_chips_baramati_agri.zip,phase2/data/phase2_gold_chips_baramati_agri.zip,phase2_gold_chips_baramati_agri.zip,.zip,archive,17855688,56eb40f4090342a820d4ea6606cfb069aff8af1dabd9c18c4367ceb4e52da838
phase2,phase2/data/phase2_gold_chips_khadakwasla_mutha_part1.zip,phase2/data/phase2_gold_chips_khadakwasla_mutha_part1.zip,phase2_gold_chips_khadakwasla_mutha_part1.zip,.zip,archive,23947567,05bba270eea66d9f797b99fec95058ce0cbf25b0e5f568b717e5b54eaba0bffd
phase2,phase2/data/phase2_gold_chips_khadakwasla_mutha_part2.zip,phase2/data/phase2_gold_chips_khadakwasla_mutha_part2.zip,phase2_gold_chips_khadakwasla_mutha_part2.zip,.zip,archive,1066157,8bc8008da8b10f535d192d57572f20aa7b7ab1c722d7d403725de7c72a620d3a
phase2,phase2/data/phase2_gold_chips_mulshi_ghats_2.zip,phase2/data/phase2_gold_chips_mulshi_ghats_2.zip,phase2_gold_chips_mulshi_ghats_2.zip,.zip,archive,23749821,654ec699f9168c2b64aad2a71f57052cb55aa1cd06423df124917e49373b85d6
phase2,phase2/data/phase2_labels.zip,phase2/data/phase2_labels.zip,phase2_labels.zip,.zip,archive,2076466,44301813ab1c8006d38e55aa19f0746acc36de356b869117e1f969ff736e0fb9
phase2,phase2/data/phase2_maps_baramati_agri.zip,phase2/data/phase2_maps_baramati_agri.zip,phase2_maps_baramati_agri.zip,.zip,archive,5065362,5740a1e9be1354fd18a5ed11cb211aa6e252e525bfb54652c8616d0fcddfef54
phase2,phase2/data/phase2_maps_khadakwasla_mutha.zip,phase2/data/phase2_maps_khadakwasla_mutha.zip,phase2_maps_khadakwasla_mutha.zip,.zip,archive,9848738,3064bd6884f9e8a3f53f80494facbb935b44e739ad32ddf6967fb8070253b7e7
phase2,phase2/data/phase2_maps_mulshi_ghats.zip,phase2/data/phase2_maps_mulshi_ghats.zip,phase2_maps_mulshi_ghats.zip,.zip,archive,8742064,ef8ca1d058d2eae559424abb9073db2523070b5e91788ef3865ad945f67fb928
phase2,phase2/data/pune-eo-phd_figures copy.zip,phase2/data/pune-eo-phd_figures copy.zip,pune-eo-phd_figures copy.zip,.zip,archive,14006275,a138d94501119446a9a765ad0c1f10e8d72199011cf3c0187dd018bf6a632220
phase2,phase2/protocols/phase1_audit.md,phase2/protocols/phase1_audit.md,phase1_audit.md,.md,document,15806,78a9026d6a4445b9a00ed909798f0aa0d790631ce2ad6b58bc07109b4dd67180
phase2,phase2/reports/phase1_audit.md,phase2/reports/phase1_audit.md,phase1_audit.md,.md,document,15806,78a9026d6a4445b9a00ed909798f0aa0d790631ce2ad6b58bc07109b4dd67180
phase2,phase2/reports/phase2_results.md,phase2/reports/phase2_results.md,phase2_results.md,.md,document,41128,cb3c1275bcc4567fc928926469756b6c35170db48e3b5f5b29df068e6df568c9
phase5,phase5/README.md,phase5/README.md,README.md,.md,document,3086,f8b75ee2ebfea770c22fb1250227b8f391a8db0e664b702bfefff2d71634892c
phase5,phase5/archive/original_structure/P5F2_pilot_nclear_maps.png,phase5/archive/original_structure/P5F2_pilot_nclear_maps.png,P5F2_pilot_nclear_maps.png,.png,figure,60447,28e822132f70fe31998c72142af0b423dc262718aa3cc5ebe9616e12ae3adf42
phase5,phase5/archive/original_structure/P5F5_sensor_pairs.png,phase5/archive/original_structure/P5F5_sensor_pairs.png,P5F5_sensor_pairs.png,.png,figure,122618,7d4d8a725be35add614ec566a1c4f99a469dcbdfb27b8399b9310582df2de2b5
phase5,phase5/archive/original_structure/phase5_T1_KEY_evaluator_only.zip,phase5/archive/original_structure/phase5_T1_KEY_evaluator_only.zip,phase5_T1_KEY_evaluator_only.zip,.zip,archive,26102,732fcc7af6229b070f6580d9f37a03a7a59cd064927da18f2eb61ccda8d815a0
phase5,phase5/archive/original_structure/phase5_T1_kit_INTERPRETER_A.zip,phase5/archive/original_structure/phase5_T1_kit_INTERPRETER_A.zip,phase5_T1_kit_INTERPRETER_A.zip,.zip,archive,52251,18ae52eef4cfb4304e4db1a809a1af1a543aecefb0085ee7289dd6516bdd653a
phase5,phase5/archive/original_structure/phase5_T1_kit_INTERPRETER_B.zip,phase5/archive/original_structure/phase5_T1_kit_INTERPRETER_B.zip,phase5_T1_kit_INTERPRETER_B.zip,.zip,archive,41603,86834074a512775701a7484848fd33d04f1891d2ddccca2799dddfa08766ba62
phase5,phase5/archive/original_structure/phase5_core.zip,phase5/archive/original_structure/phase5_core.zip,phase5_core.zip,.zip,archive,1619031,98d30e96babfabba960f15c06e6b025ac4b812e0552cc285a5a5f684145f894c
phase5,phase5/archive/original_structure/phase5_entry_audit.md,phase5/archive/original_structure/phase5_entry_audit.md,phase5_entry_audit.md,.md,document,10762,230632ffa9113598448d802a668fe2a26102299de7709b062e4d65a1fb768735
phase5,phase5/archive/original_structure/phase5_execution_plan.md,phase5/archive/original_structure/phase5_execution_plan.md,phase5_execution_plan.md,.md,document,8162,b4616db070c30cb868676c185e0513acc9d33b43e7cd0fff3fc8fa7d8cebe69f
phase5,phase5/archive/original_structure/phase5_pilot_cube_QA_layers_1990_2000.zip,phase5/archive/original_structure/phase5_pilot_cube_QA_layers_1990_2000.zip,phase5_pilot_cube_QA_layers_1990_2000.zip,.zip,archive,5864525,32005bf5cb697ab78fa7237b9d4aaf240c4d5649ddc733b1b611150424eb94ee
phase5,phase5/archive/original_structure/phase5_pilot_cube_QA_layers_2010_2020.zip,phase5/archive/original_structure/phase5_pilot_cube_QA_layers_2010_2020.zip,phase5_pilot_cube_QA_layers_2010_2020.zip,.zip,archive,23953987,cb7206c0f650da96f7edf13c52a1abe12658bfc4b8362e6bb7ddd795bc2d3007
phase5,phase5/archive/original_structure/phase5_readiness_gate.md,phase5/archive/original_structure/phase5_readiness_gate.md,phase5_readiness_gate.md,.md,document,3211,a05cdb280d40865414cf163b03a1f650cdef66bedee2287034570fceea35f521
phase5,phase5/archive/original_structure/phase5_results.md,phase5/archive/original_structure/phase5_results.md,phase5_results.md,.md,document,26690,83389cb0165febcee330921fcfb52b0966bc9eca3d2c8b4e736014b6b75c7401
phase5,phase5/figures/P5F2_pilot_nclear_maps.png,phase5/figures/P5F2_pilot_nclear_maps.png,P5F2_pilot_nclear_maps.png,.png,figure,60447,28e822132f70fe31998c72142af0b423dc262718aa3cc5ebe9616e12ae3adf42
phase5,phase5/figures/P5F5_sensor_pairs.png,phase5/figures/P5F5_sensor_pairs.png,P5F5_sensor_pairs.png,.png,figure,122618,7d4d8a725be35add614ec566a1c4f99a469dcbdfb27b8399b9310582df2de2b5
phase5,phase5/data/phase5_T1_KEY_evaluator_only.zip,phase5/data/phase5_T1_KEY_evaluator_only.zip,phase5_T1_KEY_evaluator_only.zip,.zip,archive,26102,732fcc7af6229b070f6580d9f37a03a7a59cd064927da18f2eb61ccda8d815a0
phase5,phase5/data/phase5_T1_kit_INTERPRETER_A.zip,phase5/data/phase5_T1_kit_INTERPRETER_A.zip,phase5_T1_kit_INTERPRETER_A.zip,.zip,archive,52251,18ae52eef4cfb4304e4db1a809a1af1a543aecefb0085ee7289dd6516bdd653a
phase5,phase5/data/phase5_T1_kit_INTERPRETER_B.zip,phase5/data/phase5_T1_kit_INTERPRETER_B.zip,phase5_T1_kit_INTERPRETER_B.zip,.zip,archive,41603,86834074a512775701a7484848fd33d04f1891d2ddccca2799dddfa08766ba62
phase5,phase5/data/phase5_core.zip,phase5/data/phase5_core.zip,phase5_core.zip,.zip,archive,1619031,98d30e96babfabba960f15c06e6b025ac4b812e0552cc285a5a5f684145f894c
phase5,phase5/data/phase5_pilot_cube_QA_layers_1990_2000.zip,phase5/data/phase5_pilot_cube_QA_layers_1990_2000.zip,phase5_pilot_cube_QA_layers_1990_2000.zip,.zip,archive,5864525,32005bf5cb697ab78fa7237b9d4aaf240c4d5649ddc733b1b611150424eb94ee
phase5,phase5/data/phase5_pilot_cube_QA_layers_2010_2020.zip,phase5/data/phase5_pilot_cube_QA_layers_2010_2020.zip,phase5_pilot_cube_QA_layers_2010_2020.zip,.zip,archive,23953987,cb7206c0f650da96f7edf13c52a1abe12658bfc4b8362e6bb7ddd795bc2d3007
phase5,phase5/protocols/phase5_entry_audit.md,phase5/protocols/phase5_entry_audit.md,phase5_entry_audit.md,.md,document,10762,230632ffa9113598448d802a668fe2a26102299de7709b062e4d65a1fb768735
phase5,phase5/protocols/phase5_readiness_gate.md,phase5/protocols/phase5_readiness_gate.md,phase5_readiness_gate.md,.md,document,3211,a05cdb280d40865414cf163b03a1f650cdef66bedee2287034570fceea35f521
phase5,phase5/reports/phase5_entry_audit.md,phase5/reports/phase5_entry_audit.md,phase5_entry_audit.md,.md,document,10762,230632ffa9113598448d802a668fe2a26102299de7709b062e4d65a1fb768735
phase5,phase5/reports/phase5_execution_plan.md,phase5/reports/phase5_execution_plan.md,phase5_execution_plan.md,.md,document,8162,b4616db070c30cb868676c185e0513acc9d33b43e7cd0fff3fc8fa7d8cebe69f
phase5,phase5/reports/phase5_readiness_gate.md,phase5/reports/phase5_readiness_gate.md,phase5_readiness_gate.md,.md,document,3211,a05cdb280d40865414cf163b03a1f650cdef66bedee2287034570fceea35f521
phase5,phase5/reports/phase5_results.md,phase5/reports/phase5_results.md,phase5_results.md,.md,document,26690,83389cb0165febcee330921fcfb52b0966bc9eca3d2c8b4e736014b6b75c7401
shared,shared/documentation/.gitkeep,shared/documentation/.gitkeep,.gitkeep,,document,0,e3b0c44298fc1c149afbf4c8996fb92427ae41e4649b934ca495991b7852b855
shared,shared/documentation/README.md,shared/documentation/README.md,README.md,.md,document,138,279e5222b536629af64026ad27a81dbec2a272406f7fd5fd09a07690306ad5fb
shared,shared/references/.gitkeep,shared/references/.gitkeep,.gitkeep,,document,0,e3b0c44298fc1c149afbf4c8996fb92427ae41e4649b934ca495991b7852b855
shared,shared/references/README.md,shared/references/README.md,README.md,.md,document,145,ec556c793dd09432edfa3007e9a4330c9e793d014be23b5b1893ec80d6985f3d
shared,shared/datasets/.gitkeep,shared/datasets/.gitkeep,.gitkeep,,document,0,e3b0c44298fc1c149afbf4c8996fb92427ae41e4649b934ca495991b7852b855
shared,shared/datasets/README.md,shared/datasets/README.md,README.md,.md,document,141,3bd454851e4f3ff5c6c8f86cde2c092856a7d8b63da118577e34e756cba52428
shared,shared/utilities/.gitkeep,shared/utilities/.gitkeep,.gitkeep,,document,0,e3b0c44298fc1c149afbf4c8996fb92427ae41e4649b934ca495991b7852b855
shared,shared/utilities/README.md,shared/utilities/README.md,README.md,.md,document,114,535a3bc403170714ff7b84c557a99c02812e66bef4c65c11047c35589a1859d1
shared,shared/scripts/.gitkeep,shared/scripts/.gitkeep,.gitkeep,,document,0,e3b0c44298fc1c149afbf4c8996fb92427ae41e4649b934ca495991b7852b855
shared,shared/scripts/README.md,shared/scripts/README.md,README.md,.md,document,123,bfab4b6039102daa5d967551e1df37e70f7c42890684188c73935a6f015392cb
provenance,provenance/ARTIFACT_REGISTRY.md,provenance/ARTIFACT_REGISTRY.md,ARTIFACT_REGISTRY.md,.md,document,1023,a408814ba7fe7f2fc8c6bf256602c502733aeec58d41cd99a51a20ff24c93560
provenance,provenance/DATA_LINEAGE.md,provenance/DATA_LINEAGE.md,DATA_LINEAGE.md,.md,document,957,2bc87fd884efd5edd089adf7127cb698288d1180b9f157c170fd6a1c23e5dc15
provenance,provenance/SHA256_MANIFEST.csv,provenance/SHA256_MANIFEST.csv,SHA256_MANIFEST.csv,.csv,manifest,17822,6026fc548c53b989c9bca92bb30af20101bc7c20d1c567f44c01ad035a7c396c
phase7,phase7/CURRENT_STATUS_README.md,phase7/CURRENT_STATUS_README.md,CURRENT_STATUS_README.md,.md,document,1540,109545946e867d84b18dc9acea736ca37265a4861e44b0b8d012c7851781c3fd
phase7,phase7/LIVE_STATUS.md,phase7/LIVE_STATUS.md,LIVE_STATUS.md,.md,document,3799,e882ec3c03c77b9c6b5325d46f82e067b9f407fcebee8c5e77dd5261c330e31d
phase7,phase7/README.md,phase7/README.md,README.md,.md,document,5439,3f00942f40a31c54b6c0d11c58dd8665b4bc1366dc9e955f588306155b3ed130
phase7,phase7/archive/original_structure/phase7_C1_report.md,phase7/archive/original_structure/phase7_C1_report.md,phase7_C1_report.md,.md,document,2369,96d021ff1bba7e896e6ff47ae5e0f3416c48c58ba9990b2e9236626ceefb4c36
phase7,phase7/archive/original_structure/phase7_C2_report.md,phase7/archive/original_structure/phase7_C2_report.md,phase7_C2_report.md,.md,document,3095,6f4e0f5a349bd035e459554c28e2b56495992336e7cd8a8fb99251f55232e446
phase7,phase7/archive/original_structure/phase7_C3_report.md,phase7/archive/original_structure/phase7_C3_report.md,phase7_C3_report.md,.md,document,2479,4839b7c20f692ded3483674fdd49e88ae95e638a7b255d5b68817460fa33e0d4
phase7,phase7/archive/original_structure/phase7_C4_report.md,phase7/archive/original_structure/phase7_C4_report.md,phase7_C4_report.md,.md,document,2390,d927c34f474cf9d31795b5f24601a2b0f4f1a2d675270c9f4dc2e5603528b7c1
phase7,phase7/archive/original_structure/phase7_C5_report.md,phase7/archive/original_structure/phase7_C5_report.md,phase7_C5_report.md,.md,document,2508,a25b739676f781a461ce5606f8a38e5ad58e453f69a4c455fc120506a992e44b
phase7,phase7/archive/original_structure/phase7_C6_report.md,phase7/archive/original_structure/phase7_C6_report.md,phase7_C6_report.md,.md,document,2048,67dfc7185d9b397574d1edf5b063cef0269089f518e5cbbeef6a92d32ecb5279
phase7,phase7/archive/original_structure/phase7_T1_freeze_report.md,phase7/archive/original_structure/phase7_T1_freeze_report.md,phase7_T1_freeze_report.md,.md,document,1704,bdbe96c2a7ca6f49f240a561558914d56179b64e47a159cbd3122183d3716489
phase7,phase7/archive/original_structure/phase7_confirmatory_freeze.md,phase7/archive/original_structure/phase7_confirmatory_freeze.md,phase7_confirmatory_freeze.md,.md,document,3774,87dbcfc9d09cc79ebed9134c8e3f03426f24b1441056e556d83bdef6925eeedd
phase7,phase7/archive/original_structure/phase7_countersignature_TEMPLATE.json,phase7/archive/original_structure/phase7_countersignature_TEMPLATE.json,phase7_countersignature_TEMPLATE.json,.json,data,1237,df3a7ef67c168d79ea1ea7904c3b95b65469c77b15fbc8d5621839b180ce0754
phase7,phase7/archive/original_structure/phase7_cube_build_report.md,phase7/archive/original_structure/phase7_cube_build_report.md,phase7_cube_build_report.md,.md,document,5850,6c31e3a0b25f24429741e55002589e6e6ea359d87f2b41fefe591cb3ee532719
phase7,phase7/archive/original_structure/phase7_entry_audit.md,phase7/archive/original_structure/phase7_entry_audit.md,phase7_entry_audit.md,.md,document,6384,91b0b08bfd1a902e668efb92848a0095d9a7eb6f096e0d230f074e9f7d6a8acd
phase7,phase7/archive/original_structure/phase7_execution_log.md,phase7/archive/original_structure/phase7_execution_log.md,phase7_execution_log.md,.md,document,5905,0c19e56862b751dec32a31f3ea4d55006885885805b77db10f43e3f1c75eeaf5
phase7,phase7/archive/original_structure/phase7_gold_freeze_report.md,phase7/archive/original_structure/phase7_gold_freeze_report.md,phase7_gold_freeze_report.md,.md,document,1636,d3dd9b821962d0675b85fa3cf280c20c3f207431a657d0ff9da36966461d6e7f
phase7,phase7/archive/original_structure/phase7_manifests.zip,phase7/archive/original_structure/phase7_manifests.zip,phase7_manifests.zip,.zip,archive,48363,a9f450ee103884ad54cdbe6c77e339cfb0742abdcc6f412850d290c0fd792998
phase7,phase7/archive/original_structure/phase7_readiness_gate.md,phase7/archive/original_structure/phase7_readiness_gate.md,phase7_readiness_gate.md,.md,document,3021,90a480f1ac565a6fef78640958b4c4b90cecbcf3bf1741ad42f4f6974de04188
phase7,phase7/archive/original_structure/phase7_repository.bundle,phase7/archive/original_structure/phase7_repository.bundle,phase7_repository.bundle,.bundle,archive,18594440,42e64038c6c3f3ff251c88a69903c88df8f4b7c0dd454316ebae862ee546cd67
phase7,phase7/archive/original_structure/phase7_repository_snapshot.zip,phase7/archive/original_structure/phase7_repository_snapshot.zip,phase7_repository_snapshot.zip,.zip,archive,18865794,0dd0d76472fcc5af453798b69f2ad9a5d3660bff6eb3b9cdda941f4ba35f0a2c
phase7,phase7/archive/original_structure/phase7_runner_specification.md,phase7/archive/original_structure/phase7_runner_specification.md,phase7_runner_specification.md,.md,document,15297,7acf6b362245c6f01561db73bb817d6ec53af3aeefaac645c7f61c355d6fda7c
phase7,phase7/archive/original_structure/phase7_runner_validation.md,phase7/archive/original_structure/phase7_runner_validation.md,phase7_runner_validation.md,.md,document,7279,58f61190f2f7dbe04e0184db4c32d5e004100f273f8cb33ac2462d65d9c25d06
phase7,phase7/data/phase7_manifests.zip,phase7/data/phase7_manifests.zip,phase7_manifests.zip,.zip,archive,48363,a9f450ee103884ad54cdbe6c77e339cfb0742abdcc6f412850d290c0fd792998
phase7,phase7/data/phase7_repository.bundle,phase7/data/phase7_repository.bundle,phase7_repository.bundle,.bundle,archive,18594440,42e64038c6c3f3ff251c88a69903c88df8f4b7c0dd454316ebae862ee546cd67
phase7,phase7/data/phase7_repository_snapshot.zip,phase7/data/phase7_repository_snapshot.zip,phase7_repository_snapshot.zip,.zip,archive,18865794,0dd0d76472fcc5af453798b69f2ad9a5d3660bff6eb3b9cdda941f4ba35f0a2c
phase7,phase7/protocols/phase7_T1_freeze_report.md,phase7/protocols/phase7_T1_freeze_report.md,phase7_T1_freeze_report.md,.md,document,1704,bdbe96c2a7ca6f49f240a561558914d56179b64e47a159cbd3122183d3716489
phase7,phase7/protocols/phase7_confirmatory_freeze.md,phase7/protocols/phase7_confirmatory_freeze.md,phase7_confirmatory_freeze.md,.md,document,3774,87dbcfc9d09cc79ebed9134c8e3f03426f24b1441056e556d83bdef6925eeedd
phase7,phase7/protocols/phase7_countersignature_TEMPLATE.json,phase7/protocols/phase7_countersignature_TEMPLATE.json,phase7_countersignature_TEMPLATE.json,.json,data,1237,df3a7ef67c168d79ea1ea7904c3b95b65469c77b15fbc8d5621839b180ce0754
phase7,phase7/protocols/phase7_entry_audit.md,phase7/protocols/phase7_entry_audit.md,phase7_entry_audit.md,.md,document,6384,91b0b08bfd1a902e668efb92848a0095d9a7eb6f096e0d230f074e9f7d6a8acd
phase7,phase7/protocols/phase7_gold_freeze_report.md,phase7/protocols/phase7_gold_freeze_report.md,phase7_gold_freeze_report.md,.md,document,1636,d3dd9b821962d0675b85fa3cf280c20c3f207431a657d0ff9da36966461d6e7f
phase7,phase7/protocols/phase7_readiness_gate.md,phase7/protocols/phase7_readiness_gate.md,phase7_readiness_gate.md,.md,document,3021,90a480f1ac565a6fef78640958b4c4b90cecbcf3bf1741ad42f4f6974de04188
phase7,phase7/reports/phase7_C1_report.md,phase7/reports/phase7_C1_report.md,phase7_C1_report.md,.md,document,2369,96d021ff1bba7e896e6ff47ae5e0f3416c48c58ba9990b2e9236626ceefb4c36
phase7,phase7/reports/phase7_C2_report.md,phase7/reports/phase7_C2_report.md,phase7_C2_report.md,.md,document,3095,6f4e0f5a349bd035e459554c28e2b56495992336e7cd8a8fb99251f55232e446
phase7,phase7/reports/phase7_C3_report.md,phase7/reports/phase7_C3_report.md,phase7_C3_report.md,.md,document,2479,4839b7c20f692ded3483674fdd49e88ae95e638a7b255d5b68817460fa33e0d4
phase7,phase7/reports/phase7_C4_report.md,phase7/reports/phase7_C4_report.md,phase7_C4_report.md,.md,document,2390,d927c34f474cf9d31795b5f24601a2b0f4f1a2d675270c9f4dc2e5603528b7c1
phase7,phase7/reports/phase7_C5_report.md,phase7/reports/phase7_C5_report.md,phase7_C5_report.md,.md,document,2508,a25b739676f781a461ce5606f8a38e5ad58e453f69a4c455fc120506a992e44b
phase7,phase7/reports/phase7_C6_report.md,phase7/reports/phase7_C6_report.md,phase7_C6_report.md,.md,document,2048,67dfc7185d9b397574d1edf5b063cef0269089f518e5cbbeef6a92d32ecb5279
phase7,phase7/reports/phase7_T1_freeze_report.md,phase7/reports/phase7_T1_freeze_report.md,phase7_T1_freeze_report.md,.md,document,1704,bdbe96c2a7ca6f49f240a561558914d56179b64e47a159cbd3122183d3716489
phase7,phase7/reports/phase7_confirmatory_freeze.md,phase7/reports/phase7_confirmatory_freeze.md,phase7_confirmatory_freeze.md,.md,document,3774,87dbcfc9d09cc79ebed9134c8e3f03426f24b1441056e556d83bdef6925eeedd
phase7,phase7/reports/phase7_cube_build_report.md,phase7/reports/phase7_cube_build_report.md,phase7_cube_build_report.md,.md,document,5850,6c31e3a0b25f24429741e55002589e6e6ea359d87f2b41fefe591cb3ee532719
phase7,phase7/reports/phase7_entry_audit.md,phase7/reports/phase7_entry_audit.md,phase7_entry_audit.md,.md,document,6384,91b0b08bfd1a902e668efb92848a0095d9a7eb6f096e0d230f074e9f7d6a8acd
phase7,phase7/reports/phase7_execution_log.md,phase7/reports/phase7_execution_log.md,phase7_execution_log.md,.md,document,5905,0c19e56862b751dec32a31f3ea4d55006885885805b77db10f43e3f1c75eeaf5
phase7,phase7/reports/phase7_gold_freeze_report.md,phase7/reports/phase7_gold_freeze_report.md,phase7_gold_freeze_report.md,.md,document,1636,d3dd9b821962d0675b85fa3cf280c20c3f207431a657d0ff9da36966461d6e7f
phase7,phase7/reports/phase7_readiness_gate.md,phase7/reports/phase7_readiness_gate.md,phase7_readiness_gate.md,.md,document,3021,90a480f1ac565a6fef78640958b4c4b90cecbcf3bf1741ad42f4f6974de04188
phase7,phase7/reports/phase7_runner_specification.md,phase7/reports/phase7_runner_specification.md,phase7_runner_specification.md,.md,document,15297,7acf6b362245c6f01561db73bb817d6ec53af3aeefaac645c7f61c355d6fda7c
phase7,phase7/reports/phase7_runner_validation.md,phase7/reports/phase7_runner_validation.md,phase7_runner_validation.md,.md,document,7279,58f61190f2f7dbe04e0184db4c32d5e004100f273f8cb33ac2462d65d9c25d06
manifests,manifests/PHASE1_MANIFEST.csv,manifests/PHASE1_MANIFEST.csv,PHASE1_MANIFEST.csv,.csv,manifest,19693,5d0178156a8886f2d25cb42a5d12f02d7a2a062b2539be0ce23a501705057fe8
manifests,manifests/PHASE2_MANIFEST.csv,manifests/PHASE2_MANIFEST.csv,PHASE2_MANIFEST.csv,.csv,manifest,8839,d5a42f0db453c064926260a7b4dbcea51ac65b63cb25375dd3b3bed232a83483
manifests,manifests/PHASE3_MANIFEST.csv,manifests/PHASE3_MANIFEST.csv,PHASE3_MANIFEST.csv,.csv,manifest,2371,20e6ba813672d78dd5ee28eac2f197356ee7a283261a85964b2478c72f8ca66b
manifests,manifests/PHASE4_MANIFEST.csv,manifests/PHASE4_MANIFEST.csv,PHASE4_MANIFEST.csv,.csv,manifest,5059,0a005a91ae4f4f02c28de4af6bb8d5426f0688bfbae06f0890bfd8439a6f3050
manifests,manifests/PHASE5_MANIFEST.csv,manifests/PHASE5_MANIFEST.csv,PHASE5_MANIFEST.csv,.csv,manifest,7263,916f776aed0f1e65a46a5bff7c5b0ca12dffcaee8de827126c2268cea7c21dc1
manifests,manifests/PHASE6_MANIFEST.csv,manifests/PHASE6_MANIFEST.csv,PHASE6_MANIFEST.csv,.csv,manifest,10027,9f5c46a3a83615a5f129ad1c6bd147366f22d6214501399cf15b28f51377bef7
manifests,manifests/PHASE7_MANIFEST.csv,manifests/PHASE7_MANIFEST.csv,PHASE7_MANIFEST.csv,.csv,manifest,11438,db15282630103c163b04532633aa76aacacde1ed50d56cfdbb2b3a2a216a4ac3
phase6,phase6/README.md,phase6/README.md,README.md,.md,document,3971,dbbd17db15dbcdd77a14bc257c96e1fc83aa27db3374c09b57a48285d1fe37c3
phase6,phase6/archive/original_structure/phase6_D1_review.md,phase6/archive/original_structure/phase6_D1_review.md,phase6_D1_review.md,.md,document,9153,aae8c92add103250f23a7959b80488283cf405bd1aaf799ca6a5533d6f8f22c2
phase6,phase6/archive/original_structure/phase6_D2_sensor_correction_decision.md,phase6/archive/original_structure/phase6_D2_sensor_correction_decision.md,phase6_D2_sensor_correction_decision.md,.md,document,10235,de249e70f9c0f527b19219521e024fcc547f1009eeb0593a574c0962d50ccd93
phase6,phase6/archive/original_structure/phase6_D3_compute_decision.md,phase6/archive/original_structure/phase6_D3_compute_decision.md,phase6_D3_compute_decision.md,.md,document,10104,3f02d8fe429f0b31ff9093620ac83151ce23689f0cd6b34646e833fcf7641bb8
phase6,phase6/archive/original_structure/phase6_KEYS_evaluator_only.zip,phase6/archive/original_structure/phase6_KEYS_evaluator_only.zip,phase6_KEYS_evaluator_only.zip,.zip,archive,75581,ddb6d3879acae4278a44b684e1209811b49b37bc79d2d73e43b208fea904fa10
phase6,phase6/archive/original_structure/phase6_T1_training_protocol.md,phase6/archive/original_structure/phase6_T1_training_protocol.md,phase6_T1_training_protocol.md,.md,document,4950,52aaddb5cd5e7d92ef1cadeeaf37c6e2c69d92d978110f0680ae143543d09397
phase6,phase6/archive/original_structure/phase6_T1v2_kit_INTERPRETER_A.zip,phase6/archive/original_structure/phase6_T1v2_kit_INTERPRETER_A.zip,phase6_T1v2_kit_INTERPRETER_A.zip,.zip,archive,54855,a92eeff089a59e9003c79bed4cab964090f3a8d2979c3241df426cab80015ff3
phase6,phase6/archive/original_structure/phase6_T1v2_kit_INTERPRETER_B.zip,phase6/archive/original_structure/phase6_T1v2_kit_INTERPRETER_B.zip,phase6_T1v2_kit_INTERPRETER_B.zip,.zip,archive,14029,bf1ca352a1d7af442c64f9e0eae22f7f0ab1aa84e43de62ca3896b380bca7c22
phase6,phase6/archive/original_structure/phase6_countersignature_TEMPLATE.json,phase6/archive/original_structure/phase6_countersignature_TEMPLATE.json,phase6_countersignature_TEMPLATE.json,.json,data,1855,8e1c3466319fbb707b05a1205d385c3da5aec85a7ddf1472538f3d4e7a50de43
phase6,phase6/archive/original_structure/phase6_entry_audit.md,phase6/archive/original_structure/phase6_entry_audit.md,phase6_entry_audit.md,.md,document,5679,c036c354a6fa6c7a12d501959e23d48754992ff4ce05aceb6f2957ceb01ccaad
phase6,phase6/archive/original_structure/phase6_execution_status.md,phase6/archive/original_structure/phase6_execution_status.md,phase6_execution_status.md,.md,document,5476,c25ba6614463335030935e3023331a4b3027e6d182bcca3f610876f097b56d4f
phase6,phase6/archive/original_structure/phase6_gold_kit_INTERPRETER_A.zip,phase6/archive/original_structure/phase6_gold_kit_INTERPRETER_A.zip,phase6_gold_kit_INTERPRETER_A.zip,.zip,archive,50754,0ce97841771e3c8e44350a87eb6f8c24b0b182f41261bddff3290155ebdb8223
phase6,phase6/archive/original_structure/phase6_gold_kit_INTERPRETER_B.zip,phase6/archive/original_structure/phase6_gold_kit_INTERPRETER_B.zip,phase6_gold_kit_INTERPRETER_B.zip,.zip,archive,15526,b26d25c2a62393f47842e3ad41f09d12acfc22508439c92d3c22b8fc59877669
phase6,phase6/archive/original_structure/phase6_human_gold_workflow.md,phase6/archive/original_structure/phase6_human_gold_workflow.md,phase6_human_gold_workflow.md,.md,document,6774,e28f099e0dadd85dad2a702700eb2da19756e9c810de04eaaca3113eb6eded90
phase6,phase6/archive/original_structure/phase6_readiness_gate.md,phase6/archive/original_structure/phase6_readiness_gate.md,phase6_readiness_gate.md,.md,document,2873,0bdb0e9861b1ce192005791da97f2a826282ef9ce1e42b46621cfd5ac9503752
phase6,phase6/archive/original_structure/phase6_repository_snapshot.zip,phase6/archive/original_structure/phase6_repository_snapshot.zip,phase6_repository_snapshot.zip,.zip,archive,15316624,48e5c50aa668d83b4a9e644846006e225afc23023817db0a769a53031f1ff358
phase6,phase6/data/phase6_KEYS_evaluator_only.zip,phase6/data/phase6_KEYS_evaluator_only.zip,phase6_KEYS_evaluator_only.zip,.zip,archive,75581,ddb6d3879acae4278a44b684e1209811b49b37bc79d2d73e43b208fea904fa10
phase6,phase6/data/phase6_T1v2_kit_INTERPRETER_A.zip,phase6/data/phase6_T1v2_kit_INTERPRETER_A.zip,phase6_T1v2_kit_INTERPRETER_A.zip,.zip,archive,54855,a92eeff089a59e9003c79bed4cab964090f3a8d2979c3241df426cab80015ff3
phase6,phase6/data/phase6_T1v2_kit_INTERPRETER_B.zip,phase6/data/phase6_T1v2_kit_INTERPRETER_B.zip,phase6_T1v2_kit_INTERPRETER_B.zip,.zip,archive,14029,bf1ca352a1d7af442c64f9e0eae22f7f0ab1aa84e43de62ca3896b380bca7c22
phase6,phase6/data/phase6_gold_kit_INTERPRETER_A.zip,phase6/data/phase6_gold_kit_INTERPRETER_A.zip,phase6_gold_kit_INTERPRETER_A.zip,.zip,archive,50754,0ce97841771e3c8e44350a87eb6f8c24b0b182f41261bddff3290155ebdb8223
phase6,phase6/data/phase6_gold_kit_INTERPRETER_B.zip,phase6/data/phase6_gold_kit_INTERPRETER_B.zip,phase6_gold_kit_INTERPRETER_B.zip,.zip,archive,15526,b26d25c2a62393f47842e3ad41f09d12acfc22508439c92d3c22b8fc59877669
phase6,phase6/data/phase6_repository_snapshot.zip,phase6/data/phase6_repository_snapshot.zip,phase6_repository_snapshot.zip,.zip,archive,15316624,48e5c50aa668d83b4a9e644846006e225afc23023817db0a769a53031f1ff358
phase6,phase6/protocols/phase6_D2_sensor_correction_decision.md,phase6/protocols/phase6_D2_sensor_correction_decision.md,phase6_D2_sensor_correction_decision.md,.md,document,10235,de249e70f9c0f527b19219521e024fcc547f1009eeb0593a574c0962d50ccd93
phase6,phase6/protocols/phase6_D3_compute_decision.md,phase6/protocols/phase6_D3_compute_decision.md,phase6_D3_compute_decision.md,.md,document,10104,3f02d8fe429f0b31ff9093620ac83151ce23689f0cd6b34646e833fcf7641bb8
phase6,phase6/protocols/phase6_T1_training_protocol.md,phase6/protocols/phase6_T1_training_protocol.md,phase6_T1_training_protocol.md,.md,document,4950,52aaddb5cd5e7d92ef1cadeeaf37c6e2c69d92d978110f0680ae143543d09397
phase6,phase6/protocols/phase6_countersignature_TEMPLATE.json,phase6/protocols/phase6_countersignature_TEMPLATE.json,phase6_countersignature_TEMPLATE.json,.json,data,1855,8e1c3466319fbb707b05a1205d385c3da5aec85a7ddf1472538f3d4e7a50de43
phase6,phase6/protocols/phase6_entry_audit.md,phase6/protocols/phase6_entry_audit.md,phase6_entry_audit.md,.md,document,5679,c036c354a6fa6c7a12d501959e23d48754992ff4ce05aceb6f2957ceb01ccaad
phase6,phase6/protocols/phase6_human_gold_workflow.md,phase6/protocols/phase6_human_gold_workflow.md,phase6_human_gold_workflow.md,.md,document,6774,e28f099e0dadd85dad2a702700eb2da19756e9c810de04eaaca3113eb6eded90
phase6,phase6/protocols/phase6_readiness_gate.md,phase6/protocols/phase6_readiness_gate.md,phase6_readiness_gate.md,.md,document,2873,0bdb0e9861b1ce192005791da97f2a826282ef9ce1e42b46621cfd5ac9503752
phase6,phase6/reports/phase6_D1_review.md,phase6/reports/phase6_D1_review.md,phase6_D1_review.md,.md,document,9153,aae8c92add103250f23a7959b80488283cf405bd1aaf799ca6a5533d6f8f22c2
phase6,phase6/reports/phase6_D2_sensor_correction_decision.md,phase6/reports/phase6_D2_sensor_correction_decision.md,phase6_D2_sensor_correction_decision.md,.md,document,10235,de249e70f9c0f527b19219521e024fcc547f1009eeb0593a574c0962d50ccd93
phase6,phase6/reports/phase6_D3_compute_decision.md,phase6/reports/phase6_D3_compute_decision.md,phase6_D3_compute_decision.md,.md,document,10104,3f02d8fe429f0b31ff9093620ac83151ce23689f0cd6b34646e833fcf7641bb8
phase6,phase6/reports/phase6_T1_training_protocol.md,phase6/reports/phase6_T1_training_protocol.md,phase6_T1_training_protocol.md,.md,document,4950,52aaddb5cd5e7d92ef1cadeeaf37c6e2c69d92d978110f0680ae143543d09397
phase6,phase6/reports/phase6_entry_audit.md,phase6/reports/phase6_entry_audit.md,phase6_entry_audit.md,.md,document,5679,c036c354a6fa6c7a12d501959e23d48754992ff4ce05aceb6f2957ceb01ccaad
phase6,phase6/reports/phase6_execution_status.md,phase6/reports/phase6_execution_status.md,phase6_execution_status.md,.md,document,5476,c25ba6614463335030935e3023331a4b3027e6d182bcca3f610876f097b56d4f
phase6,phase6/reports/phase6_human_gold_workflow.md,phase6/reports/phase6_human_gold_workflow.md,phase6_human_gold_workflow.md,.md,document,6774,e28f099e0dadd85dad2a702700eb2da19756e9c810de04eaaca3113eb6eded90
phase6,phase6/reports/phase6_readiness_gate.md,phase6/reports/phase6_readiness_gate.md,phase6_readiness_gate.md,.md,document,2873,0bdb0e9861b1ce192005791da97f2a826282ef9ce1e42b46621cfd5ac9503752
phase1,phase1/README.md,phase1/README.md,README.md,.md,document,4160,630d9f7c458bbb1a007a9e36253947110978749fbacdc01a3a9b3ce3f5ee5e71
phase1,phase1/archive/original_structure/aoi_water_pune_G30_khadakwasla_mutha_1.png,phase1/archive/original_structure/aoi_water_pune_G30_khadakwasla_mutha_1.png,aoi_water_pune_G30_khadakwasla_mutha_1.png,.png,figure,955138,54b55c103f891373987c73bbcb3ccadf3347b063e943d911815511eacf814996
phase1,phase1/archive/original_structure/contact_sheet_landsat_pune_G240_dry_1.png,phase1/archive/original_structure/contact_sheet_landsat_pune_G240_dry_1.png,contact_sheet_landsat_pune_G240_dry_1.png,.png,figure,2905611,d1dfc38dc3e3a2fe3bf53c3fe396ffbc9cadade10769addbbfc402a3fc9e3b8a
phase1,phase1/archive/original_structure/district_dry_season_series_pune_G240_1.png,phase1/archive/original_structure/district_dry_season_series_pune_G240_1.png,district_dry_season_series_pune_G240_1.png,.png,figure,259546,af7bd82b0f5054d9922ddfac03dd4d4afb5adf93da5e82c1631b22021387ef32
phase1,phase1/archive/original_structure/harmonization_stability_2.png,phase1/archive/original_structure/harmonization_stability_2.png,harmonization_stability_2.png,.png,figure,114165,2af58f314990c9a7826f98e9780ffba72ff168b0ad572150431ed339ea0791dd
phase1,phase1/archive/original_structure/observation_depth_pune_G240_1.png,phase1/archive/original_structure/observation_depth_pune_G240_1.png,observation_depth_pune_G240_1.png,.png,figure,197582,3b6b6e8091599d4fd4c67b7db634e0e77d5a36a0b5c03c99ca8bedb05403121c
phase1,phase1/archive/original_structure/phase1_repository_1.zip,phase1/archive/original_structure/phase1_repository_1.zip,phase1_repository_1.zip,.zip,archive,7689300,bfe4889f3b85c6472db5024f33cbe7f9414f0b4044b662d5322bcc51b98ba703
phase1,phase1/archive/original_structure/phase1_samples_landsat_corridor30m_2.zip,phase1/archive/original_structure/phase1_samples_landsat_corridor30m_2.zip,phase1_samples_landsat_corridor30m_2.zip,.zip,archive,15356562,50a166f453a3627dd7b8145fa3f019a99dd8d7d20fe9c71e4eacbca1456f85e7
phase1,phase1/archive/original_structure/phase1_samples_landsat_district240m_2.zip,phase1/archive/original_structure/phase1_samples_landsat_district240m_2.zip,phase1_samples_landsat_district240m_2.zip,.zip,archive,17852628,b09c5ce4a4164585553c0cb70f6b7d64dfc2802fd0578a94ef2c5626a5320193
phase1,phase1/archive/original_structure/pune-eo-phd_core.zip,phase1/archive/original_structure/pune-eo-phd_core.zip,pune-eo-phd_core.zip,.zip,archive,7411475,623f08f923fb4dd050986491468b3812ce4e31cd76f596fefe69978b44004826
phase1,phase1/archive/original_structure/pune-eo-phd_figures.zip,phase1/archive/original_structure/pune-eo-phd_figures.zip,pune-eo-phd_figures.zip,.zip,archive,14006275,a138d94501119446a9a765ad0c1f10e8d72199011cf3c0187dd018bf6a632220
phase1,phase1/archive/original_structure/pune-eo-phd_figures_2.zip,phase1/archive/original_structure/pune-eo-phd_figures_2.zip,pune-eo-phd_figures_2.zip,.zip,archive,14006275,a138d94501119446a9a765ad0c1f10e8d72199011cf3c0187dd018bf6a632220
phase1,phase1/archive/original_structure/pune-eo-phd_samples_landsat_corridor30m_1.zip,phase1/archive/original_structure/pune-eo-phd_samples_landsat_corridor30m_1.zip,pune-eo-phd_samples_landsat_corridor30m_1.zip,.zip,archive,15434709,274e5de59a3de10bb4222e1d97ecfe78b9e3bb3b3b03422f22dcb5d764fbd781
phase1,phase1/archive/original_structure/pune-eo-phd_samples_landsat_district240m_1.zip,phase1/archive/original_structure/pune-eo-phd_samples_landsat_district240m_1.zip,pune-eo-phd_samples_landsat_district240m_1.zip,.zip,archive,18315575,1b5db62021057390f76d1c082b710e399fc2a099df56b085a0d34c6e3a39786d
phase1,phase1/archive/original_structure/pune-eo-phd_samples_sentinel_2.zip,phase1/archive/original_structure/pune-eo-phd_samples_sentinel_2.zip,pune-eo-phd_samples_sentinel_2.zip,.zip,archive,26381684,083e585fdb0ad2e9487af81db13a90792cc9e2a2947e021aefa536fd26221d10
phase1,phase1/archive/original_structure/s2_field_phenology_pune_G10_baramati_agri_2024.png,phase1/archive/original_structure/s2_field_phenology_pune_G10_baramati_agri_2024.png,s2_field_phenology_pune_G10_baramati_agri_2024.png,.png,figure,2302357,cd36710605ed3b493efefe2389359654e02c2d79f10b8a883e54cd07f47af55a
phase1,phase1/archive/original_structure/satellite_availability_timeline_1.png,phase1/archive/original_structure/satellite_availability_timeline_1.png,satellite_availability_timeline_1.png,.png,figure,235192,9df34600e10c9f5df71ec59c509982f58d6b257ae1aa035d01caadbbcd9561de
phase1,phase1/archive/original_structure/sentinel2_monthly_availability_pune_G240.png,phase1/archive/original_structure/sentinel2_monthly_availability_pune_G240.png,sentinel2_monthly_availability_pune_G240.png,.png,figure,119694,2648712320fd3def87d39cb91a447d3fc361cf73d20fa6cd080620cdec75fb59
phase1,phase1/archive/original_structure/pune-eo-phd 9/phase1_samples_landsat_corridor30m_2.zip,phase1/archive/original_structure/pune-eo-phd 9/phase1_samples_landsat_corridor30m_2.zip,phase1_samples_landsat_corridor30m_2.zip,.zip,archive,15356562,50a166f453a3627dd7b8145fa3f019a99dd8d7d20fe9c71e4eacbca1456f85e7
phase1,phase1/archive/original_structure/pune-eo-phd 9/data/composites/pune_G30_khadakwasla_mutha/2026/landsat/seasonal/dry/metadata.json,phase1/archive/original_structure/pune-eo-phd 9/data/composites/pune_G30_khadakwasla_mutha/2026/landsat/seasonal/dry/metadata.json,metadata.json,.json,data,7866,c69dfd2843fc2799a95e9220b3ecb6cb4987cdd972f1f1eed03dac8d182b2754
phase1,phase1/archive/original_structure/pune-eo-phd 9/data/composites/pune_G30_khadakwasla_mutha/2026/landsat/seasonal/dry/observation_count.tif,phase1/archive/original_structure/pune-eo-phd 9/data/composites/pune_G30_khadakwasla_mutha/2026/landsat/seasonal/dry/observation_count.tif,observation_count.tif,.tif,data,56160,38aaa32a259ce9fc540d3c6ae4cc491686b2c2a071e94f80e2304f970ece3998
phase1,phase1/archive/original_structure/pune-eo-phd 9/data/composites/pune_G30_khadakwasla_mutha/2026/landsat/seasonal/dry/optical_composite.tif,phase1/archive/original_structure/pune-eo-phd 9/data/composites/pune_G30_khadakwasla_mutha/2026/landsat/seasonal/dry/optical_composite.tif,optical_composite.tif,.tif,data,4290016,0db48fad14ed07f6f0c8707bb85b90f64c85541103975d56d0bfcf9e15867016
phase1,phase1/archive/original_structure/pune-eo-phd 9/data/composites/pune_G30_khadakwasla_mutha/2026/landsat/seasonal/dry/qa.tif,phase1/archive/original_structure/pune-eo-phd 9/data/composites/pune_G30_khadakwasla_mutha/2026/landsat/seasonal/dry/qa.tif,qa.tif,.tif,data,125798,2b0eea3472c3a1479fe3bd65c3d4b939ea212e37d6ed4543062a0e9f14b4f82e
phase1,phase1/archive/original_structure/pune-eo-phd 9/data/composites/pune_G30_khadakwasla_mutha/2026/landsat/seasonal/dry/uncertainty.tif,phase1/archive/original_structure/pune-eo-phd 9/data/composites/pune_G30_khadakwasla_mutha/2026/landsat/seasonal/dry/uncertainty.tif,uncertainty.tif,.tif,data,3125554,d789acbeab70a7d9fa5408dcdb39bed9e48ab2ec3effa1ffd2f28e43710a9306
phase1,phase1/archive/original_structure/pune-eo-phd 9/data/composites/pune_G30_khadakwasla_mutha/2026/landsat/seasonal/dry/valid_mask.tif,phase1/archive/original_structure/pune-eo-phd 9/data/composites/pune_G30_khadakwasla_mutha/2026/landsat/seasonal/dry/valid_mask.tif,valid_mask.tif,.tif,data,4721,6b49178a7f56df72ef8ac459c15f95524dd8511be3eed25315d13b015e25a0e6
phase1,phase1/archive/original_structure/pune-eo-phd 9/data/composites/pune_G30_khadakwasla_mutha/1990/landsat/seasonal/dry/metadata.json,phase1/archive/original_structure/pune-eo-phd 9/data/composites/pune_G30_khadakwasla_mutha/1990/landsat/seasonal/dry/metadata.json,metadata.json,.json,data,5591,c6ed8c675c2b2e111be66f87255bfc3d4ddc07d55c66c04af93bac7cf49211ac
phase1,phase1/archive/original_structure/pune-eo-phd 9/data/composites/pune_G30_khadakwasla_mutha/1990/landsat/seasonal/dry/observation_count.tif,phase1/archive/original_structure/pune-eo-phd 9/data/composites/pune_G30_khadakwasla_mutha/1990/landsat/seasonal/dry/observation_count.tif,observation_count.tif,.tif,data,29494,8c44bba47e9875c159af66d20f39265c5db422477bd3eeb546da134d7ef006ad
phase1,phase1/archive/original_structure/pune-eo-phd 9/data/composites/pune_G30_khadakwasla_mutha/1990/landsat/seasonal/dry/optical_composite.tif,phase1/archive/original_structure/pune-eo-phd 9/data/composites/pune_G30_khadakwasla_mutha/1990/landsat/seasonal/dry/optical_composite.tif,optical_composite.tif,.tif,data,4202682,231cd3f48f52889e1507e8f1fb0d2a5a7f0a0aa6489f74334b624145b9487bef
phase1,phase1/archive/original_structure/pune-eo-phd 9/data/composites/pune_G30_khadakwasla_mutha/1990/landsat/seasonal/dry/qa.tif,phase1/archive/original_structure/pune-eo-phd 9/data/composites/pune_G30_khadakwasla_mutha/1990/landsat/seasonal/dry/qa.tif,qa.tif,.tif,data,68237,f90dfa58f625c28fa9e36627b907c5613e8adcd38a905e8f317074a9d92d8290
phase1,phase1/archive/original_structure/pune-eo-phd 9/data/composites/pune_G30_khadakwasla_mutha/1990/landsat/seasonal/dry/uncertainty.tif,phase1/archive/original_structure/pune-eo-phd 9/data/composites/pune_G30_khadakwasla_mutha/1990/landsat/seasonal/dry/uncertainty.tif,uncertainty.tif,.tif,data,3510631,4f2ea27101121a0eb5367cb900b3f50904a8386f899eb2720c53d18735e63a7b
phase1,phase1/archive/original_structure/pune-eo-phd 9/data/composites/pune_G30_khadakwasla_mutha/1990/landsat/seasonal/dry/valid_mask.tif,phase1/archive/original_structure/pune-eo-phd 9/data/composites/pune_G30_khadakwasla_mutha/1990/landsat/seasonal/dry/valid_mask.tif,valid_mask.tif,.tif,data,4721,6b49178a7f56df72ef8ac459c15f95524dd8511be3eed25315d13b015e25a0e6
phase1,phase1/figures/aoi_water_pune_G30_khadakwasla_mutha_1.png,phase1/figures/aoi_water_pune_G30_khadakwasla_mutha_1.png,aoi_water_pune_G30_khadakwasla_mutha_1.png,.png,figure,955138,54b55c103f891373987c73bbcb3ccadf3347b063e943d911815511eacf814996
phase1,phase1/figures/contact_sheet_landsat_pune_G240_dry_1.png,phase1/figures/contact_sheet_landsat_pune_G240_dry_1.png,contact_sheet_landsat_pune_G240_dry_1.png,.png,figure,2905611,d1dfc38dc3e3a2fe3bf53c3fe396ffbc9cadade10769addbbfc402a3fc9e3b8a
phase1,phase1/figures/district_dry_season_series_pune_G240_1.png,phase1/figures/district_dry_season_series_pune_G240_1.png,district_dry_season_series_pune_G240_1.png,.png,figure,259546,af7bd82b0f5054d9922ddfac03dd4d4afb5adf93da5e82c1631b22021387ef32
phase1,phase1/figures/harmonization_stability_2.png,phase1/figures/harmonization_stability_2.png,harmonization_stability_2.png,.png,figure,114165,2af58f314990c9a7826f98e9780ffba72ff168b0ad572150431ed339ea0791dd
phase1,phase1/figures/observation_depth_pune_G240_1.png,phase1/figures/observation_depth_pune_G240_1.png,observation_depth_pune_G240_1.png,.png,figure,197582,3b6b6e8091599d4fd4c67b7db634e0e77d5a36a0b5c03c99ca8bedb05403121c
phase1,phase1/figures/s2_field_phenology_pune_G10_baramati_agri_2024.png,phase1/figures/s2_field_phenology_pune_G10_baramati_agri_2024.png,s2_field_phenology_pune_G10_baramati_agri_2024.png,.png,figure,2302357,cd36710605ed3b493efefe2389359654e02c2d79f10b8a883e54cd07f47af55a
phase1,phase1/figures/satellite_availability_timeline_1.png,phase1/figures/satellite_availability_timeline_1.png,satellite_availability_timeline_1.png,.png,figure,235192,9df34600e10c9f5df71ec59c509982f58d6b257ae1aa035d01caadbbcd9561de
phase1,phase1/figures/sentinel2_monthly_availability_pune_G240.png,phase1/figures/sentinel2_monthly_availability_pune_G240.png,sentinel2_monthly_availability_pune_G240.png,.png,figure,119694,2648712320fd3def87d39cb91a447d3fc361cf73d20fa6cd080620cdec75fb59
phase1,phase1/data/phase1_repository_1.zip,phase1/data/phase1_repository_1.zip,phase1_repository_1.zip,.zip,archive,7689300,bfe4889f3b85c6472db5024f33cbe7f9414f0b4044b662d5322bcc51b98ba703
phase1,phase1/data/phase1_samples_landsat_corridor30m_2.zip,phase1/data/phase1_samples_landsat_corridor30m_2.zip,phase1_samples_landsat_corridor30m_2.zip,.zip,archive,15356562,50a166f453a3627dd7b8145fa3f019a99dd8d7d20fe9c71e4eacbca1456f85e7
phase1,phase1/data/phase1_samples_landsat_district240m_2.zip,phase1/data/phase1_samples_landsat_district240m_2.zip,phase1_samples_landsat_district240m_2.zip,.zip,archive,17852628,b09c5ce4a4164585553c0cb70f6b7d64dfc2802fd0578a94ef2c5626a5320193
phase1,phase1/data/pune-eo-phd_core.zip,phase1/data/pune-eo-phd_core.zip,pune-eo-phd_core.zip,.zip,archive,7411475,623f08f923fb4dd050986491468b3812ce4e31cd76f596fefe69978b44004826
phase1,phase1/data/pune-eo-phd_figures.zip,phase1/data/pune-eo-phd_figures.zip,pune-eo-phd_figures.zip,.zip,archive,14006275,a138d94501119446a9a765ad0c1f10e8d72199011cf3c0187dd018bf6a632220
phase1,phase1/data/pune-eo-phd_figures_2.zip,phase1/data/pune-eo-phd_figures_2.zip,pune-eo-phd_figures_2.zip,.zip,archive,14006275,a138d94501119446a9a765ad0c1f10e8d72199011cf3c0187dd018bf6a632220
phase1,phase1/data/pune-eo-phd_samples_landsat_corridor30m_1.zip,phase1/data/pune-eo-phd_samples_landsat_corridor30m_1.zip,pune-eo-phd_samples_landsat_corridor30m_1.zip,.zip,archive,15434709,274e5de59a3de10bb4222e1d97ecfe78b9e3bb3b3b03422f22dcb5d764fbd781
phase1,phase1/data/pune-eo-phd_samples_landsat_district240m_1.zip,phase1/data/pune-eo-phd_samples_landsat_district240m_1.zip,pune-eo-phd_samples_landsat_district240m_1.zip,.zip,archive,18315575,1b5db62021057390f76d1c082b710e399fc2a099df56b085a0d34c6e3a39786d
phase1,phase1/data/pune-eo-phd_samples_sentinel_2.zip,phase1/data/pune-eo-phd_samples_sentinel_2.zip,pune-eo-phd_samples_sentinel_2.zip,.zip,archive,26381684,083e585fdb0ad2e9487af81db13a90792cc9e2a2947e021aefa536fd26221d10
phase1,phase1/data/pune-eo-phd 9/phase1_samples_landsat_corridor30m_2.zip,phase1/data/pune-eo-phd 9/phase1_samples_landsat_corridor30m_2.zip,phase1_samples_landsat_corridor30m_2.zip,.zip,archive,15356562,50a166f453a3627dd7b8145fa3f019a99dd8d7d20fe9c71e4eacbca1456f85e7
phase1,phase1/data/pune-eo-phd 9/data/composites/pune_G30_khadakwasla_mutha/2026/landsat/seasonal/dry/metadata.json,phase1/data/pune-eo-phd 9/data/composites/pune_G30_khadakwasla_mutha/2026/landsat/seasonal/dry/metadata.json,metadata.json,.json,data,7866,c69dfd2843fc2799a95e9220b3ecb6cb4987cdd972f1f1eed03dac8d182b2754
phase1,phase1/data/pune-eo-phd 9/data/composites/pune_G30_khadakwasla_mutha/2026/landsat/seasonal/dry/observation_count.tif,phase1/data/pune-eo-phd 9/data/composites/pune_G30_khadakwasla_mutha/2026/landsat/seasonal/dry/observation_count.tif,observation_count.tif,.tif,data,56160,38aaa32a259ce9fc540d3c6ae4cc491686b2c2a071e94f80e2304f970ece3998
phase1,phase1/data/pune-eo-phd 9/data/composites/pune_G30_khadakwasla_mutha/2026/landsat/seasonal/dry/optical_composite.tif,phase1/data/pune-eo-phd 9/data/composites/pune_G30_khadakwasla_mutha/2026/landsat/seasonal/dry/optical_composite.tif,optical_composite.tif,.tif,data,4290016,0db48fad14ed07f6f0c8707bb85b90f64c85541103975d56d0bfcf9e15867016
phase1,phase1/data/pune-eo-phd 9/data/composites/pune_G30_khadakwasla_mutha/2026/landsat/seasonal/dry/qa.tif,phase1/data/pune-eo-phd 9/data/composites/pune_G30_khadakwasla_mutha/2026/landsat/seasonal/dry/qa.tif,qa.tif,.tif,data,125798,2b0eea3472c3a1479fe3bd65c3d4b939ea212e37d6ed4543062a0e9f14b4f82e
phase1,phase1/data/pune-eo-phd 9/data/composites/pune_G30_khadakwasla_mutha/2026/landsat/seasonal/dry/uncertainty.tif,phase1/data/pune-eo-phd 9/data/composites/pune_G30_khadakwasla_mutha/2026/landsat/seasonal/dry/uncertainty.tif,uncertainty.tif,.tif,data,3125554,d789acbeab70a7d9fa5408dcdb39bed9e48ab2ec3effa1ffd2f28e43710a9306
phase1,phase1/data/pune-eo-phd 9/data/composites/pune_G30_khadakwasla_mutha/2026/landsat/seasonal/dry/valid_mask.tif,phase1/data/pune-eo-phd 9/data/composites/pune_G30_khadakwasla_mutha/2026/landsat/seasonal/dry/valid_mask.tif,valid_mask.tif,.tif,data,4721,6b49178a7f56df72ef8ac459c15f95524dd8511be3eed25315d13b015e25a0e6
phase1,phase1/data/pune-eo-phd 9/data/composites/pune_G30_khadakwasla_mutha/1990/landsat/seasonal/dry/metadata.json,phase1/data/pune-eo-phd 9/data/composites/pune_G30_khadakwasla_mutha/1990/landsat/seasonal/dry/metadata.json,metadata.json,.json,data,5591,c6ed8c675c2b2e111be66f87255bfc3d4ddc07d55c66c04af93bac7cf49211ac
phase1,phase1/data/pune-eo-phd 9/data/composites/pune_G30_khadakwasla_mutha/1990/landsat/seasonal/dry/observation_count.tif,phase1/data/pune-eo-phd 9/data/composites/pune_G30_khadakwasla_mutha/1990/landsat/seasonal/dry/observation_count.tif,observation_count.tif,.tif,data,29494,8c44bba47e9875c159af66d20f39265c5db422477bd3eeb546da134d7ef006ad
phase1,phase1/data/pune-eo-phd 9/data/composites/pune_G30_khadakwasla_mutha/1990/landsat/seasonal/dry/optical_composite.tif,phase1/data/pune-eo-phd 9/data/composites/pune_G30_khadakwasla_mutha/1990/landsat/seasonal/dry/optical_composite.tif,optical_composite.tif,.tif,data,4202682,231cd3f48f52889e1507e8f1fb0d2a5a7f0a0aa6489f74334b624145b9487bef
phase1,phase1/data/pune-eo-phd 9/data/composites/pune_G30_khadakwasla_mutha/1990/landsat/seasonal/dry/qa.tif,phase1/data/pune-eo-phd 9/data/composites/pune_G30_khadakwasla_mutha/1990/landsat/seasonal/dry/qa.tif,qa.tif,.tif,data,68237,f90dfa58f625c28fa9e36627b907c5613e8adcd38a905e8f317074a9d92d8290
phase1,phase1/data/pune-eo-phd 9/data/composites/pune_G30_khadakwasla_mutha/1990/landsat/seasonal/dry/uncertainty.tif,phase1/data/pune-eo-phd 9/data/composites/pune_G30_khadakwasla_mutha/1990/landsat/seasonal/dry/uncertainty.tif,uncertainty.tif,.tif,data,3510631,4f2ea27101121a0eb5367cb900b3f50904a8386f899eb2720c53d18735e63a7b
phase1,phase1/data/pune-eo-phd 9/data/composites/pune_G30_khadakwasla_mutha/1990/landsat/seasonal/dry/valid_mask.tif,phase1/data/pune-eo-phd 9/data/composites/pune_G30_khadakwasla_mutha/1990/landsat/seasonal/dry/valid_mask.tif,valid_mask.tif,.tif,data,4721,6b49178a7f56df72ef8ac459c15f95524dd8511be3eed25315d13b015e25a0e6
