phase,original_relative_path,repository_path,filename,extension,file_type,size_bytes,sha256,date_if_available,status,category,source,description,large_file,uploaded_to_github,archive_location,notes
4,,phase4/README.md,README.md,.md,markdown,4299,,,preserved,documentation,phase 4 source folder,,no,yes,yash renu maam /,
4,phase4/archive/original_structure/P4F2_built_trajectories_products.png,phase4/archive/original_structure/P4F2_built_trajectories_products.png,P4F2_built_trajectories_products.png,.png,image,113890,7c907505174b61483170662cb8c172fc885d96a0719726b70deccee79d7ffc35,,preserved,original_archive,phase 4 source folder,,no,yes,yash renu maam /,
4,phase4/archive/original_structure/phase4_audit.md,phase4/archive/original_structure/phase4_audit.md,phase4_audit.md,.md,markdown,11266,a3e805b08aa55960c3a5c6ce69c329974c8ea9bb7158b6b604e7cbafbc6d645d,,preserved,original_archive,phase 4 source folder,,no,yes,yash renu maam /,
4,phase4/archive/original_structure/phase4_core.zip,phase4/archive/original_structure/phase4_core.zip,phase4_core.zip,.zip,zip_archive,1833275,33a50181d35fc1f12e2ce587067e06eb02f3a37dad61ea9bf778660889d7f1ff,,preserved,original_archive,phase 4 source folder,,no,yes,yash renu maam /,
4,phase4/archive/original_structure/phase4_final_report.md,phase4/archive/original_structure/phase4_final_report.md,phase4_final_report.md,.md,markdown,4609,9a60cd6b76f4b5c96aeb9d41b09906fd881a796c7692e3945f3f3e7cbe10d618,,preserved,original_archive,phase 4 source folder,,no,yes,yash renu maam /,
4,phase4/archive/original_structure/phase4_gold_KEY_evaluator_only.zip,phase4/archive/original_structure/phase4_gold_KEY_evaluator_only.zip,phase4_gold_KEY_evaluator_only.zip,.zip,zip_archive,42498,6cf25ba0766b4d29ad2081c1943fc4e5afabc2da5bf849513d7c3e0b84b8e5ff,,preserved,original_archive,phase 4 source folder,,no,yes,yash renu maam /,
4,phase4/archive/original_structure/phase4_gold_kit_INTERPRETER_A.zip,phase4/archive/original_structure/phase4_gold_kit_INTERPRETER_A.zip,phase4_gold_kit_INTERPRETER_A.zip,.zip,zip_archive,51313,65308c0394b32b402a0df7a213851502718b7f86554e620c351a29bf85819281,,preserved,original_archive,phase 4 source folder,,no,yes,yash renu maam /,
4,phase4/archive/original_structure/phase4_gold_kit_INTERPRETER_B.zip,phase4/archive/original_structure/phase4_gold_kit_INTERPRETER_B.zip,phase4_gold_kit_INTERPRETER_B.zip,.zip,zip_archive,41237,ac09a76890e6acef4d3f737888fe318b60b6b79492f3c06e99ddc35d87de2a65,,preserved,original_archive,phase 4 source folder,,no,yes,yash renu maam /,
4,phase4/archive/original_structure/phase4_readiness_gate.md,phase4/archive/original_structure/phase4_readiness_gate.md,phase4_readiness_gate.md,.md,markdown,2657,eaff4f472d4e0f1862a2a5de515ba26529c73c34efcb9bb2d5b59e4560da9f74,,preserved,original_archive,phase 4 source folder,,no,yes,yash renu maam /,
4,,phase4/data/phase4_core.zip,phase4_core.zip,.zip,zip_archive,1833275,33a50181d35fc1f12e2ce587067e06eb02f3a37dad61ea9bf778660889d7f1ff,,preserved,data,phase 4 source folder,,no,yes,yash renu maam /,
4,,phase4/data/phase4_gold_KEY_evaluator_only.zip,phase4_gold_KEY_evaluator_only.zip,.zip,zip_archive,42498,6cf25ba0766b4d29ad2081c1943fc4e5afabc2da5bf849513d7c3e0b84b8e5ff,,preserved,data,phase 4 source folder,,no,yes,yash renu maam /,
4,,phase4/data/phase4_gold_kit_INTERPRETER_A.zip,phase4_gold_kit_INTERPRETER_A.zip,.zip,zip_archive,51313,65308c0394b32b402a0df7a213851502718b7f86554e620c351a29bf85819281,,preserved,data,phase 4 source folder,,no,yes,yash renu maam /,
4,,phase4/data/phase4_gold_kit_INTERPRETER_B.zip,phase4_gold_kit_INTERPRETER_B.zip,.zip,zip_archive,41237,ac09a76890e6acef4d3f737888fe318b60b6b79492f3c06e99ddc35d87de2a65,,preserved,data,phase 4 source folder,,no,yes,yash renu maam /,
4,,phase4/figures/P4F2_built_trajectories_products.png,P4F2_built_trajectories_products.png,.png,image,113890,7c907505174b61483170662cb8c172fc885d96a0719726b70deccee79d7ffc35,,preserved,figure,phase 4 source folder,,no,yes,yash renu maam /,
4,,phase4/protocols/phase4_audit.md,phase4_audit.md,.md,markdown,11266,a3e805b08aa55960c3a5c6ce69c329974c8ea9bb7158b6b604e7cbafbc6d645d,,preserved,protocol,phase 4 source folder,,no,yes,yash renu maam /,
4,,phase4/protocols/phase4_readiness_gate.md,phase4_readiness_gate.md,.md,markdown,2657,eaff4f472d4e0f1862a2a5de515ba26529c73c34efcb9bb2d5b59e4560da9f74,,preserved,protocol,phase 4 source folder,,no,yes,yash renu maam /,
4,,phase4/reports/phase4_audit.md,phase4_audit.md,.md,markdown,11266,a3e805b08aa55960c3a5c6ce69c329974c8ea9bb7158b6b604e7cbafbc6d645d,,preserved,report,phase 4 source folder,,no,yes,yash renu maam /,
4,,phase4/reports/phase4_final_report.md,phase4_final_report.md,.md,markdown,4609,9a60cd6b76f4b5c96aeb9d41b09906fd881a796c7692e3945f3f3e7cbe10d618,,preserved,report,phase 4 source folder,,no,yes,yash renu maam /,
4,,phase4/reports/phase4_readiness_gate.md,phase4_readiness_gate.md,.md,markdown,2657,eaff4f472d4e0f1862a2a5de515ba26529c73c34efcb9bb2d5b59e4560da9f74,,preserved,report,phase 4 source folder,,no,yes,yash renu maam /,
