path,filename,size_bytes,sha256
phase1/archive/original_structure/aoi_water_pune_G30_khadakwasla_mutha_1.png,aoi_water_pune_G30_khadakwasla_mutha_1.png,955138,54b55c103f891373987c73bbcb3ccadf3347b063e943d911815511eacf814996
phase1/archive/original_structure/contact_sheet_landsat_pune_G240_dry_1.png,contact_sheet_landsat_pune_G240_dry_1.png,2905611,d1dfc38dc3e3a2fe3bf53c3fe396ffbc9cadade10769addbbfc402a3fc9e3b8a
phase1/archive/original_structure/district_dry_season_series_pune_G240_1.png,district_dry_season_series_pune_G240_1.png,259546,af7bd82b0f5054d9922ddfac03dd4d4afb5adf93da5e82c1631b22021387ef32
phase1/archive/original_structure/harmonization_stability_2.png,harmonization_stability_2.png,114165,2af58f314990c9a7826f98e9780ffba72ff168b0ad572150431ed339ea0791dd
phase1/archive/original_structure/observation_depth_pune_G240_1.png,observation_depth_pune_G240_1.png,197582,3b6b6e8091599d4fd4c67b7db634e0e77d5a36a0b5c03c99ca8bedb05403121c
phase1/archive/original_structure/phase1_repository_1.zip,phase1_repository_1.zip,7689300,bfe4889f3b85c6472db5024f33cbe7f9414f0b4044b662d5322bcc51b98ba703
phase1/archive/original_structure/phase1_samples_landsat_corridor30m_2.zip,phase1_samples_landsat_corridor30m_2.zip,15356562,50a166f453a3627dd7b8145fa3f019a99dd8d7d20fe9c71e4eacbca1456f85e7
phase1/archive/original_structure/phase1_samples_landsat_district240m_2.zip,phase1_samples_landsat_district240m_2.zip,17852628,b09c5ce4a4164585553c0cb70f6b7d64dfc2802fd0578a94ef2c5626a5320193
phase1/archive/original_structure/pune-eo-phd 9/data/composites/pune_G30_khadakwasla_mutha/1990/landsat/seasonal/dry/metadata.json,metadata.json,5591,c6ed8c675c2b2e111be66f87255bfc3d4ddc07d55c66c04af93bac7cf49211ac
phase1/archive/original_structure/pune-eo-phd 9/data/composites/pune_G30_khadakwasla_mutha/1990/landsat/seasonal/dry/observation_count.tif,observation_count.tif,29494,8c44bba47e9875c159af66d20f39265c5db422477bd3eeb546da134d7ef006ad
phase1/archive/original_structure/pune-eo-phd 9/data/composites/pune_G30_khadakwasla_mutha/1990/landsat/seasonal/dry/optical_composite.tif,optical_composite.tif,4202682,231cd3f48f52889e1507e8f1fb0d2a5a7f0a0aa6489f74334b624145b9487bef
phase1/archive/original_structure/pune-eo-phd 9/data/composites/pune_G30_khadakwasla_mutha/1990/landsat/seasonal/dry/qa.tif,qa.tif,68237,f90dfa58f625c28fa9e36627b907c5613e8adcd38a905e8f317074a9d92d8290
phase1/archive/original_structure/pune-eo-phd 9/data/composites/pune_G30_khadakwasla_mutha/1990/landsat/seasonal/dry/uncertainty.tif,uncertainty.tif,3510631,4f2ea27101121a0eb5367cb900b3f50904a8386f899eb2720c53d18735e63a7b
phase1/archive/original_structure/pune-eo-phd 9/data/composites/pune_G30_khadakwasla_mutha/1990/landsat/seasonal/dry/valid_mask.tif,valid_mask.tif,4721,6b49178a7f56df72ef8ac459c15f95524dd8511be3eed25315d13b015e25a0e6
phase1/archive/original_structure/pune-eo-phd 9/data/composites/pune_G30_khadakwasla_mutha/2026/landsat/seasonal/dry/metadata.json,metadata.json,7866,c69dfd2843fc2799a95e9220b3ecb6cb4987cdd972f1f1eed03dac8d182b2754
phase1/archive/original_structure/pune-eo-phd 9/data/composites/pune_G30_khadakwasla_mutha/2026/landsat/seasonal/dry/observation_count.tif,observation_count.tif,56160,38aaa32a259ce9fc540d3c6ae4cc491686b2c2a071e94f80e2304f970ece3998
phase1/archive/original_structure/pune-eo-phd 9/data/composites/pune_G30_khadakwasla_mutha/2026/landsat/seasonal/dry/optical_composite.tif,optical_composite.tif,4290016,0db48fad14ed07f6f0c8707bb85b90f64c85541103975d56d0bfcf9e15867016
phase1/archive/original_structure/pune-eo-phd 9/data/composites/pune_G30_khadakwasla_mutha/2026/landsat/seasonal/dry/qa.tif,qa.tif,125798,2b0eea3472c3a1479fe3bd65c3d4b939ea212e37d6ed4543062a0e9f14b4f82e
phase1/archive/original_structure/pune-eo-phd 9/data/composites/pune_G30_khadakwasla_mutha/2026/landsat/seasonal/dry/uncertainty.tif,uncertainty.tif,3125554,d789acbeab70a7d9fa5408dcdb39bed9e48ab2ec3effa1ffd2f28e43710a9306
phase1/archive/original_structure/pune-eo-phd 9/data/composites/pune_G30_khadakwasla_mutha/2026/landsat/seasonal/dry/valid_mask.tif,valid_mask.tif,4721,6b49178a7f56df72ef8ac459c15f95524dd8511be3eed25315d13b015e25a0e6
phase1/archive/original_structure/pune-eo-phd 9/phase1_samples_landsat_corridor30m_2.zip,phase1_samples_landsat_corridor30m_2.zip,15356562,50a166f453a3627dd7b8145fa3f019a99dd8d7d20fe9c71e4eacbca1456f85e7
phase1/archive/original_structure/pune-eo-phd_core.zip,pune-eo-phd_core.zip,7411475,623f08f923fb4dd050986491468b3812ce4e31cd76f596fefe69978b44004826
phase1/archive/original_structure/pune-eo-phd_figures.zip,pune-eo-phd_figures.zip,14006275,a138d94501119446a9a765ad0c1f10e8d72199011cf3c0187dd018bf6a632220
phase1/archive/original_structure/pune-eo-phd_figures_2.zip,pune-eo-phd_figures_2.zip,14006275,a138d94501119446a9a765ad0c1f10e8d72199011cf3c0187dd018bf6a632220
phase1/archive/original_structure/pune-eo-phd_samples_landsat_corridor30m_1.zip,pune-eo-phd_samples_landsat_corridor30m_1.zip,15434709,274e5de59a3de10bb4222e1d97ecfe78b9e3bb3b3b03422f22dcb5d764fbd781
phase1/archive/original_structure/pune-eo-phd_samples_landsat_district240m_1.zip,pune-eo-phd_samples_landsat_district240m_1.zip,18315575,1b5db62021057390f76d1c082b710e399fc2a099df56b085a0d34c6e3a39786d
phase1/archive/original_structure/pune-eo-phd_samples_sentinel_2.zip,pune-eo-phd_samples_sentinel_2.zip,26381684,083e585fdb0ad2e9487af81db13a90792cc9e2a2947e021aefa536fd26221d10
phase1/archive/original_structure/s2_field_phenology_pune_G10_baramati_agri_2024.png,s2_field_phenology_pune_G10_baramati_agri_2024.png,2302357,cd36710605ed3b493efefe2389359654e02c2d79f10b8a883e54cd07f47af55a
phase1/archive/original_structure/satellite_availability_timeline_1.png,satellite_availability_timeline_1.png,235192,9df34600e10c9f5df71ec59c509982f58d6b257ae1aa035d01caadbbcd9561de
phase1/archive/original_structure/sentinel2_monthly_availability_pune_G240.png,sentinel2_monthly_availability_pune_G240.png,119694,2648712320fd3def87d39cb91a447d3fc361cf73d20fa6cd080620cdec75fb59
phase2/archive/original_structure/Screenshot 2026-10-03 at 10.22.29 AM.png,Screenshot 2026-10-03 at 10.22.29 AM.png,128733,3d70b064ca52e6e03aaa8db4afa7290441f48ae4f848b58adb3a04f69ae97332
phase2/archive/original_structure/fig_drought_confusion.png,fig_drought_confusion.png,154119,ce81edfc1c80804ebc58d76b11baf95fb630a5a81140ffa9cc93fc0faa9fe9cd
phase2/archive/original_structure/fig_lulc_epochs_3.png,fig_lulc_epochs_3.png,846923,2dc0f66c94cf77cfdedf3999be8128ad8b8f527efcee551421fac0ebb28c4d8b
phase2/archive/original_structure/phase1_audit.md,phase1_audit.md,15806,78a9026d6a4445b9a00ed909798f0aa0d790631ce2ad6b58bc07109b4dd67180
phase2/archive/original_structure/phase2_core.zip,phase2_core.zip,10223168,3eaeadd591a9e69202f3b493ec4f93da8f4a85d8d005937155b959c7f00b0c61
phase2/archive/original_structure/phase2_gold_chips_baramati_agri.zip,phase2_gold_chips_baramati_agri.zip,17855688,56eb40f4090342a820d4ea6606cfb069aff8af1dabd9c18c4367ceb4e52da838
phase2/archive/original_structure/phase2_gold_chips_khadakwasla_mutha_part1.zip,phase2_gold_chips_khadakwasla_mutha_part1.zip,23947567,05bba270eea66d9f797b99fec95058ce0cbf25b0e5f568b717e5b54eaba0bffd
phase2/archive/original_structure/phase2_gold_chips_khadakwasla_mutha_part2.zip,phase2_gold_chips_khadakwasla_mutha_part2.zip,1066157,8bc8008da8b10f535d192d57572f20aa7b7ab1c722d7d403725de7c72a620d3a
phase2/archive/original_structure/phase2_gold_chips_mulshi_ghats_2.zip,phase2_gold_chips_mulshi_ghats_2.zip,23749821,654ec699f9168c2b64aad2a71f57052cb55aa1cd06423df124917e49373b85d6
phase2/archive/original_structure/phase2_labels.zip,phase2_labels.zip,2076466,44301813ab1c8006d38e55aa19f0746acc36de356b869117e1f969ff736e0fb9
phase2/archive/original_structure/phase2_maps_baramati_agri.zip,phase2_maps_baramati_agri.zip,5065362,5740a1e9be1354fd18a5ed11cb211aa6e252e525bfb54652c8616d0fcddfef54
phase2/archive/original_structure/phase2_maps_khadakwasla_mutha.zip,phase2_maps_khadakwasla_mutha.zip,9848738,3064bd6884f9e8a3f53f80494facbb935b44e739ad32ddf6967fb8070253b7e7
phase2/archive/original_structure/phase2_maps_mulshi_ghats.zip,phase2_maps_mulshi_ghats.zip,8742064,ef8ca1d058d2eae559424abb9073db2523070b5e91788ef3865ad945f67fb928
phase2/archive/original_structure/phase2_results.md,phase2_results.md,41128,cb3c1275bcc4567fc928926469756b6c35170db48e3b5f5b29df068e6df568c9
phase2/archive/original_structure/pune-eo-phd_figures copy.zip,pune-eo-phd_figures copy.zip,14006275,a138d94501119446a9a765ad0c1f10e8d72199011cf3c0187dd018bf6a632220
phase3/archive/original_structure/F01_validation_ladder_2021.png,F01_validation_ladder_2021.png,61126,74cc090b232ec0c551248aa629f65cc6f0ec8d8ab25dde4ee59fe84c32216980
phase3/archive/original_structure/F15_gate_dashboard.png,F15_gate_dashboard.png,99313,ee943405d144f72b3086e1f90f60344746adf9ff899b48dcef17272f680ab1f2
phase3/archive/original_structure/phase3_core.zip,phase3_core.zip,8759682,5db800cfe33668eb3641fd8e5709e85c1111985f8283b9d89f990dd3d5270b44
phase3/archive/original_structure/phase3_results_1.md,phase3_results_1.md,16354,7b451ffb9f353539dd42a1bc955928581449bb391d0091b7b02f0ce592deb5cd
phase4/archive/original_structure/P4F2_built_trajectories_products.png,P4F2_built_trajectories_products.png,113890,7c907505174b61483170662cb8c172fc885d96a0719726b70deccee79d7ffc35
phase4/archive/original_structure/phase4_audit.md,phase4_audit.md,11266,a3e805b08aa55960c3a5c6ce69c329974c8ea9bb7158b6b604e7cbafbc6d645d
phase4/archive/original_structure/phase4_core.zip,phase4_core.zip,1833275,33a50181d35fc1f12e2ce587067e06eb02f3a37dad61ea9bf778660889d7f1ff
phase4/archive/original_structure/phase4_final_report.md,phase4_final_report.md,4609,9a60cd6b76f4b5c96aeb9d41b09906fd881a796c7692e3945f3f3e7cbe10d618
phase4/archive/original_structure/phase4_gold_KEY_evaluator_only.zip,phase4_gold_KEY_evaluator_only.zip,42498,6cf25ba0766b4d29ad2081c1943fc4e5afabc2da5bf849513d7c3e0b84b8e5ff
phase4/archive/original_structure/phase4_gold_kit_INTERPRETER_A.zip,phase4_gold_kit_INTERPRETER_A.zip,51313,65308c0394b32b402a0df7a213851502718b7f86554e620c351a29bf85819281
phase4/archive/original_structure/phase4_gold_kit_INTERPRETER_B.zip,phase4_gold_kit_INTERPRETER_B.zip,41237,ac09a76890e6acef4d3f737888fe318b60b6b79492f3c06e99ddc35d87de2a65
phase4/archive/original_structure/phase4_readiness_gate.md,phase4_readiness_gate.md,2657,eaff4f472d4e0f1862a2a5de515ba26529c73c34efcb9bb2d5b59e4560da9f74
phase5/archive/original_structure/P5F2_pilot_nclear_maps.png,P5F2_pilot_nclear_maps.png,60447,28e822132f70fe31998c72142af0b423dc262718aa3cc5ebe9616e12ae3adf42
phase5/archive/original_structure/P5F5_sensor_pairs.png,P5F5_sensor_pairs.png,122618,7d4d8a725be35add614ec566a1c4f99a469dcbdfb27b8399b9310582df2de2b5
phase5/archive/original_structure/phase5_T1_KEY_evaluator_only.zip,phase5_T1_KEY_evaluator_only.zip,26102,732fcc7af6229b070f6580d9f37a03a7a59cd064927da18f2eb61ccda8d815a0
phase5/archive/original_structure/phase5_T1_kit_INTERPRETER_A.zip,phase5_T1_kit_INTERPRETER_A.zip,52251,18ae52eef4cfb4304e4db1a809a1af1a543aecefb0085ee7289dd6516bdd653a
phase5/archive/original_structure/phase5_T1_kit_INTERPRETER_B.zip,phase5_T1_kit_INTERPRETER_B.zip,41603,86834074a512775701a7484848fd33d04f1891d2ddccca2799dddfa08766ba62
phase5/archive/original_structure/phase5_core.zip,phase5_core.zip,1619031,98d30e96babfabba960f15c06e6b025ac4b812e0552cc285a5a5f684145f894c
phase5/archive/original_structure/phase5_entry_audit.md,phase5_entry_audit.md,10762,230632ffa9113598448d802a668fe2a26102299de7709b062e4d65a1fb768735
phase5/archive/original_structure/phase5_execution_plan.md,phase5_execution_plan.md,8167,0589c12d725eb2edd37d3b900dc82569236482c09001c0a9aef17d281cb279ef
phase5/archive/original_structure/phase5_pilot_cube_QA_layers_1990_2000.zip,phase5_pilot_cube_QA_layers_1990_2000.zip,5864525,32005bf5cb697ab78fa7237b9d4aaf240c4d5649ddc733b1b611150424eb94ee
phase5/archive/original_structure/phase5_pilot_cube_QA_layers_2010_2020.zip,phase5_pilot_cube_QA_layers_2010_2020.zip,23953987,cb7206c0f650da96f7edf13c52a1abe12658bfc4b8362e6bb7ddd795bc2d3007
phase5/archive/original_structure/phase5_readiness_gate.md,phase5_readiness_gate.md,3211,a05cdb280d40865414cf163b03a1f650cdef66bedee2287034570fceea35f521
phase5/archive/original_structure/phase5_results.md,phase5_results.md,26690,83389cb0165febcee330921fcfb52b0966bc9eca3d2c8b4e736014b6b75c7401
phase6/archive/original_structure/phase6_D1_review.md,phase6_D1_review.md,9153,aae8c92add103250f23a7959b80488283cf405bd1aaf799ca6a5533d6f8f22c2
phase6/archive/original_structure/phase6_D2_sensor_correction_decision.md,phase6_D2_sensor_correction_decision.md,10235,de249e70f9c0f527b19219521e024fcc547f1009eeb0593a574c0962d50ccd93
phase6/archive/original_structure/phase6_D3_compute_decision.md,phase6_D3_compute_decision.md,10104,3f02d8fe429f0b31ff9093620ac83151ce23689f0cd6b34646e833fcf7641bb8
phase6/archive/original_structure/phase6_KEYS_evaluator_only.zip,phase6_KEYS_evaluator_only.zip,75581,ddb6d3879acae4278a44b684e1209811b49b37bc79d2d73e43b208fea904fa10
phase6/archive/original_structure/phase6_T1_training_protocol.md,phase6_T1_training_protocol.md,4950,52aaddb5cd5e7d92ef1cadeeaf37c6e2c69d92d978110f0680ae143543d09397
phase6/archive/original_structure/phase6_T1v2_kit_INTERPRETER_A.zip,phase6_T1v2_kit_INTERPRETER_A.zip,54855,a92eeff089a59e9003c79bed4cab964090f3a8d2979c3241df426cab80015ff3
phase6/archive/original_structure/phase6_T1v2_kit_INTERPRETER_B.zip,phase6_T1v2_kit_INTERPRETER_B.zip,14029,bf1ca352a1d7af442c64f9e0eae22f7f0ab1aa84e43de62ca3896b380bca7c22
phase6/archive/original_structure/phase6_countersignature_TEMPLATE.json,phase6_countersignature_TEMPLATE.json,1855,8e1c3466319fbb707b05a1205d385c3da5aec85a7ddf1472538f3d4e7a50de43
phase6/archive/original_structure/phase6_entry_audit.md,phase6_entry_audit.md,5679,c036c354a6fa6c7a12d501959e23d48754992ff4ce05aceb6f2957ceb01ccaad
phase6/archive/original_structure/phase6_execution_status.md,phase6_execution_status.md,5476,c25ba6614463335030935e3023331a4b3027e6d182bcca3f610876f097b56d4f
phase6/archive/original_structure/phase6_gold_kit_INTERPRETER_A.zip,phase6_gold_kit_INTERPRETER_A.zip,50754,0ce97841771e3c8e44350a87eb6f8c24b0b182f41261bddff3290155ebdb8223
phase6/archive/original_structure/phase6_gold_kit_INTERPRETER_B.zip,phase6_gold_kit_INTERPRETER_B.zip,15526,b26d25c2a62393f47842e3ad41f09d12acfc22508439c92d3c22b8fc59877669
phase6/archive/original_structure/phase6_human_gold_workflow.md,phase6_human_gold_workflow.md,6774,e28f099e0dadd85dad2a702700eb2da19756e9c810de04eaaca3113eb6eded90
phase6/archive/original_structure/phase6_readiness_gate.md,phase6_readiness_gate.md,2873,0bdb0e9861b1ce192005791da97f2a826282ef9ce1e42b46621cfd5ac9503752
phase6/archive/original_structure/phase6_repository_snapshot.zip,phase6_repository_snapshot.zip,15316624,48e5c50aa668d83b4a9e644846006e225afc23023817db0a769a53031f1ff358
phase7/archive/original_structure/phase7_C1_report.md,phase7_C1_report.md,2369,96d021ff1bba7e896e6ff47ae5e0f3416c48c58ba9990b2e9236626ceefb4c36
phase7/archive/original_structure/phase7_C2_report.md,phase7_C2_report.md,3095,6f4e0f5a349bd035e459554c28e2b56495992336e7cd8a8fb99251f55232e446
phase7/archive/original_structure/phase7_C3_report.md,phase7_C3_report.md,2479,4839b7c20f692ded3483674fdd49e88ae95e638a7b255d5b68817460fa33e0d4
phase7/archive/original_structure/phase7_C4_report.md,phase7_C4_report.md,2390,d927c34f474cf9d31795b5f24601a2b0f4f1a2d675270c9f4dc2e5603528b7c1
phase7/archive/original_structure/phase7_C5_report.md,phase7_C5_report.md,2508,a25b739676f781a461ce5606f8a38e5ad58e453f69a4c455fc120506a992e44b
phase7/archive/original_structure/phase7_C6_report.md,phase7_C6_report.md,2048,67dfc7185d9b397574d1edf5b063cef0269089f518e5cbbeef6a92d32ecb5279
phase7/archive/original_structure/phase7_T1_freeze_report.md,phase7_T1_freeze_report.md,1704,bdbe96c2a7ca6f49f240a561558914d56179b64e47a159cbd3122183d3716489
phase7/archive/original_structure/phase7_confirmatory_freeze.md,phase7_confirmatory_freeze.md,3774,87dbcfc9d09cc79ebed9134c8e3f03426f24b1441056e556d83bdef6925eeedd
phase7/archive/original_structure/phase7_countersignature_TEMPLATE.json,phase7_countersignature_TEMPLATE.json,1237,df3a7ef67c168d79ea1ea7904c3b95b65469c77b15fbc8d5621839b180ce0754
phase7/archive/original_structure/phase7_cube_build_report.md,phase7_cube_build_report.md,5847,b582339d81a5419f1f22fecd44c0640db25129fadea2a235c3702fe5175ec1cf
phase7/archive/original_structure/phase7_entry_audit.md,phase7_entry_audit.md,6384,91b0b08bfd1a902e668efb92848a0095d9a7eb6f096e0d230f074e9f7d6a8acd
phase7/archive/original_structure/phase7_execution_log.md,phase7_execution_log.md,5905,0c19e56862b751dec32a31f3ea4d55006885885805b77db10f43e3f1c75eeaf5
phase7/archive/original_structure/phase7_gold_freeze_report.md,phase7_gold_freeze_report.md,1636,d3dd9b821962d0675b85fa3cf280c20c3f207431a657d0ff9da36966461d6e7f
phase7/archive/original_structure/phase7_manifests.zip,phase7_manifests.zip,48363,a9f450ee103884ad54cdbe6c77e339cfb0742abdcc6f412850d290c0fd792998
phase7/archive/original_structure/phase7_readiness_gate.md,phase7_readiness_gate.md,3021,90a480f1ac565a6fef78640958b4c4b90cecbcf3bf1741ad42f4f6974de04188
phase7/archive/original_structure/phase7_repository.bundle,phase7_repository.bundle,18594440,42e64038c6c3f3ff251c88a69903c88df8f4b7c0dd454316ebae862ee546cd67
phase7/archive/original_structure/phase7_repository_snapshot.zip,phase7_repository_snapshot.zip,18865794,0dd0d76472fcc5af453798b69f2ad9a5d3660bff6eb3b9cdda941f4ba35f0a2c
phase7/archive/original_structure/phase7_runner_specification.md,phase7_runner_specification.md,15297,7acf6b362245c6f01561db73bb817d6ec53af3aeefaac645c7f61c355d6fda7c
phase7/archive/original_structure/phase7_runner_validation.md,phase7_runner_validation.md,7279,58f61190f2f7dbe04e0184db4c32d5e004100f273f8cb33ac2462d65d9c25d06
